learning_rate,epochs,context_size,d_main,encoder_n_blocks,predictor_n_blocks,context_dropout,dropout0,dropout1,accuracy,f1_score,auc_roc
0.001,30.0,3.0,64.0,3.0,1.0,0.1,0.1,0.2,0.8484848484848485,0.8275862068965517,0.9481481481481482
0.001,30.0,3.0,128.0,2.0,1.0,0.1,0.1,0.1,0.8181818181818182,0.8,0.8925925925925926
0.001,30.0,3.0,128.0,3.0,1.0,0.1,0.1,0.1,0.7575757575757576,0.7894736842105263,0.837037037037037
0.001,10.0,3.0,64.0,3.0,2.0,0.2,0.1,0.1,0.7575757575757576,0.7894736842105263,0.9370370370370371
0.001,10.0,3.0,128.0,3.0,2.0,0.1,0.1,0.2,0.7575757575757576,0.7894736842105263,0.8222222222222222
0.001,30.0,3.0,64.0,3.0,1.0,0.2,0.1,0.1,0.7878787878787878,0.7878787878787878,0.8518518518518519
0.001,10.0,3.0,128.0,2.0,1.0,0.2,0.2,0.1,0.7575757575757576,0.7777777777777778,0.8592592592592593
0.001,30.0,3.0,64.0,3.0,2.0,0.1,0.2,0.1,0.7272727272727273,0.7692307692307693,0.9111111111111111
0.001,30.0,3.0,64.0,3.0,1.0,0.1,0.2,0.2,0.7878787878787878,0.7586206896551724,0.8666666666666667
0.001,10.0,5.0,64.0,3.0,2.0,0.2,0.1,0.2,0.7575757575757576,0.75,0.8666666666666667
0.001,30.0,5.0,128.0,3.0,1.0,0.2,0.2,0.2,0.696969696969697,0.75,0.8703703703703705
0.001,30.0,3.0,128.0,3.0,2.0,0.1,0.1,0.2,0.696969696969697,0.75,0.9
0.001,10.0,3.0,128.0,2.0,1.0,0.1,0.2,0.2,0.7272727272727273,0.7428571428571429,0.8851851851851852
0.001,10.0,5.0,128.0,3.0,1.0,0.2,0.1,0.2,0.7272727272727273,0.7428571428571429,0.837037037037037
0.001,30.0,3.0,128.0,3.0,2.0,0.2,0.1,0.1,0.7272727272727273,0.7428571428571429,0.874074074074074
0.001,10.0,5.0,128.0,3.0,1.0,0.2,0.1,0.1,0.7878787878787878,0.7407407407407407,0.8851851851851852
0.001,30.0,3.0,64.0,2.0,1.0,0.1,0.2,0.1,0.6666666666666666,0.7317073170731707,0.8629629629629629
0.001,30.0,5.0,64.0,2.0,2.0,0.1,0.1,0.1,0.6666666666666666,0.7317073170731707,0.8666666666666667
0.001,10.0,3.0,128.0,2.0,1.0,0.1,0.1,0.2,0.6666666666666666,0.7317073170731707,0.9185185185185185
0.001,30.0,3.0,128.0,2.0,2.0,0.1,0.2,0.1,0.696969696969697,0.7222222222222222,0.8037037037037037
0.001,30.0,3.0,64.0,3.0,1.0,0.1,0.1,0.1,0.7575757575757576,0.7142857142857143,0.8518518518518519
0.001,10.0,5.0,128.0,3.0,2.0,0.1,0.1,0.1,0.7575757575757576,0.7142857142857143,0.862962962962963
0.001,30.0,3.0,128.0,3.0,2.0,0.2,0.1,0.2,0.6363636363636364,0.7142857142857143,0.9000000000000001
0.001,30.0,3.0,128.0,2.0,1.0,0.2,0.1,0.1,0.7575757575757576,0.7142857142857143,0.9074074074074074
0.05,30.0,5.0,64.0,2.0,2.0,0.2,0.1,0.2,0.6363636363636364,0.7142857142857143,0.8148148148148148
0.001,30.0,5.0,64.0,2.0,1.0,0.1,0.1,0.1,0.6363636363636364,0.7142857142857143,0.837037037037037
0.001,30.0,3.0,64.0,2.0,1.0,0.1,0.1,0.1,0.7272727272727273,0.7096774193548387,0.8703703703703705
0.001,30.0,3.0,128.0,3.0,2.0,0.1,0.1,0.1,0.6666666666666666,0.7027027027027027,0.7333333333333334
0.001,30.0,3.0,64.0,2.0,2.0,0.2,0.1,0.1,0.6363636363636364,0.7,0.7481481481481481
0.001,30.0,5.0,64.0,3.0,2.0,0.2,0.2,0.2,0.6363636363636364,0.7,0.7111111111111111
0.001,30.0,3.0,128.0,2.0,2.0,0.2,0.1,0.2,0.6060606060606061,0.6976744186046512,0.9296296296296297
0.001,30.0,5.0,128.0,2.0,1.0,0.1,0.1,0.2,0.7878787878787878,0.6956521739130435,0.8592592592592593
0.001,30.0,5.0,64.0,2.0,2.0,0.2,0.1,0.1,0.7575757575757576,0.6923076923076923,0.888888888888889
0.001,30.0,5.0,128.0,2.0,2.0,0.1,0.2,0.1,0.696969696969697,0.6875,0.762962962962963
0.05,30.0,5.0,64.0,3.0,1.0,0.1,0.1,0.1,0.5757575757575758,0.6666666666666666,0.7555555555555555
0.001,30.0,5.0,128.0,2.0,1.0,0.2,0.2,0.1,0.5151515151515151,0.6521739130434783,0.7666666666666666
0.1,30.0,5.0,128.0,3.0,2.0,0.1,0.1,0.2,0.6060606060606061,0.6486486486486487,0.6740740740740742
0.001,30.0,5.0,128.0,3.0,1.0,0.2,0.2,0.1,0.7272727272727273,0.64,0.7666666666666667
0.001,30.0,5.0,64.0,2.0,1.0,0.2,0.2,0.1,0.48484848484848486,0.6382978723404256,0.7074074074074074
0.05,30.0,5.0,64.0,3.0,2.0,0.2,0.1,0.2,0.48484848484848486,0.6382978723404256,0.7703703703703704
0.001,30.0,5.0,64.0,3.0,1.0,0.1,0.1,0.1,0.48484848484848486,0.6382978723404256,0.8037037037037037
0.001,10.0,3.0,64.0,2.0,2.0,0.1,0.2,0.1,0.48484848484848486,0.6382978723404256,0.9074074074074074
0.001,30.0,3.0,64.0,2.0,2.0,0.1,0.2,0.2,0.48484848484848486,0.6382978723404256,0.8222222222222222
0.05,30.0,3.0,128.0,3.0,2.0,0.2,0.2,0.2,0.5151515151515151,0.6363636363636364,0.5740740740740741
0.1,10.0,3.0,128.0,2.0,1.0,0.2,0.2,0.1,0.45454545454545453,0.625,0.6962962962962963
0.05,30.0,3.0,64.0,2.0,2.0,0.1,0.2,0.2,0.45454545454545453,0.625,0.6814814814814815
0.05,10.0,5.0,128.0,3.0,2.0,0.1,0.2,0.1,0.45454545454545453,0.625,0.6111111111111112
0.001,10.0,3.0,64.0,2.0,1.0,0.2,0.2,0.1,0.45454545454545453,0.625,0.7962962962962963
0.05,10.0,5.0,128.0,3.0,1.0,0.2,0.2,0.1,0.45454545454545453,0.625,0.5333333333333334
0.001,10.0,5.0,128.0,3.0,1.0,0.2,0.2,0.1,0.45454545454545453,0.625,0.8407407407407408
0.1,30.0,3.0,128.0,3.0,1.0,0.2,0.2,0.1,0.45454545454545453,0.625,0.5259259259259259
0.1,30.0,5.0,128.0,3.0,1.0,0.1,0.2,0.2,0.45454545454545453,0.625,0.5074074074074074
0.05,10.0,3.0,128.0,3.0,1.0,0.2,0.2,0.1,0.45454545454545453,0.625,0.38518518518518524
0.001,10.0,5.0,128.0,2.0,2.0,0.1,0.2,0.2,0.45454545454545453,0.625,0.8555555555555556
0.001,10.0,5.0,64.0,3.0,1.0,0.2,0.2,0.1,0.45454545454545453,0.625,0.22962962962962963
0.001,10.0,5.0,64.0,2.0,1.0,0.2,0.2,0.1,0.45454545454545453,0.625,0.4185185185185185
0.1,30.0,3.0,128.0,2.0,1.0,0.2,0.2,0.1,0.45454545454545453,0.625,0.7222222222222222
0.1,30.0,5.0,128.0,2.0,1.0,0.2,0.2,0.1,0.45454545454545453,0.625,0.7037037037037037
0.05,30.0,5.0,128.0,2.0,1.0,0.2,0.2,0.1,0.45454545454545453,0.625,0.6666666666666666
0.1,10.0,3.0,128.0,2.0,2.0,0.1,0.2,0.2,0.45454545454545453,0.625,0.6111111111111112
0.1,10.0,5.0,64.0,2.0,2.0,0.1,0.2,0.2,0.45454545454545453,0.625,0.5481481481481482
0.1,30.0,5.0,64.0,2.0,2.0,0.1,0.2,0.2,0.45454545454545453,0.625,0.2814814814814815
0.05,30.0,3.0,128.0,3.0,2.0,0.1,0.2,0.1,0.45454545454545453,0.625,0.725925925925926
0.05,10.0,3.0,128.0,2.0,2.0,0.1,0.2,0.2,0.45454545454545453,0.625,0.7185185185185186
0.1,30.0,3.0,128.0,3.0,2.0,0.1,0.2,0.1,0.45454545454545453,0.625,0.6703703703703703
0.1,10.0,3.0,128.0,2.0,2.0,0.1,0.2,0.1,0.45454545454545453,0.625,0.6444444444444445
0.001,10.0,3.0,128.0,3.0,2.0,0.1,0.2,0.1,0.45454545454545453,0.625,0.6925925925925926
0.1,10.0,3.0,128.0,3.0,1.0,0.1,0.2,0.1,0.45454545454545453,0.625,0.4592592592592593
0.05,30.0,5.0,64.0,3.0,1.0,0.1,0.2,0.1,0.45454545454545453,0.625,0.5666666666666667
0.05,30.0,3.0,64.0,2.0,1.0,0.2,0.2,0.2,0.45454545454545453,0.625,0.6814814814814815
0.1,10.0,3.0,64.0,2.0,1.0,0.2,0.2,0.2,0.45454545454545453,0.625,0.4740740740740741
0.05,30.0,3.0,64.0,3.0,1.0,0.1,0.2,0.1,0.45454545454545453,0.625,0.6925925925925926
0.05,10.0,3.0,64.0,3.0,1.0,0.1,0.2,0.1,0.45454545454545453,0.625,0.47777777777777775
0.001,10.0,5.0,128.0,2.0,1.0,0.1,0.2,0.1,0.45454545454545453,0.625,0.7703703703703704
0.1,30.0,3.0,128.0,2.0,1.0,0.1,0.2,0.1,0.45454545454545453,0.625,0.47777777777777775
0.1,30.0,5.0,64.0,2.0,1.0,0.1,0.2,0.1,0.45454545454545453,0.625,0.825925925925926
0.05,30.0,3.0,128.0,2.0,1.0,0.2,0.2,0.2,0.45454545454545453,0.625,0.5703703703703704
0.1,10.0,3.0,64.0,2.0,1.0,0.1,0.2,0.1,0.45454545454545453,0.625,0.7703703703703704
0.1,30.0,3.0,128.0,2.0,1.0,0.2,0.2,0.2,0.45454545454545453,0.625,0.8148148148148148
0.1,30.0,5.0,128.0,3.0,2.0,0.2,0.1,0.1,0.45454545454545453,0.625,0.6888888888888889
0.1,10.0,5.0,128.0,3.0,2.0,0.2,0.1,0.1,0.45454545454545453,0.625,0.31481481481481477
0.05,30.0,5.0,128.0,2.0,1.0,0.2,0.2,0.2,0.45454545454545453,0.625,0.7148148148148148
0.05,30.0,3.0,128.0,3.0,2.0,0.2,0.1,0.1,0.45454545454545453,0.625,0.5037037037037037
0.1,10.0,5.0,128.0,3.0,2.0,0.1,0.2,0.2,0.45454545454545453,0.625,0.525925925925926
0.1,10.0,5.0,128.0,3.0,1.0,0.1,0.2,0.1,0.45454545454545453,0.625,0.6333333333333333
0.1,10.0,5.0,64.0,3.0,2.0,0.1,0.2,0.1,0.45454545454545453,0.625,0.5111111111111111
0.1,10.0,3.0,128.0,3.0,2.0,0.1,0.2,0.2,0.45454545454545453,0.625,0.4481481481481481
0.05,10.0,5.0,64.0,3.0,2.0,0.1,0.2,0.1,0.45454545454545453,0.625,0.5629629629629629
0.05,30.0,3.0,64.0,3.0,2.0,0.1,0.2,0.2,0.45454545454545453,0.625,0.7925925925925926
0.1,30.0,3.0,64.0,3.0,2.0,0.1,0.2,0.2,0.45454545454545453,0.625,0.3851851851851852
0.1,30.0,5.0,128.0,2.0,2.0,0.1,0.2,0.1,0.45454545454545453,0.625,0.6037037037037037
0.001,10.0,5.0,128.0,2.0,2.0,0.1,0.2,0.1,0.45454545454545453,0.625,0.34814814814814815
0.05,10.0,3.0,64.0,2.0,2.0,0.2,0.2,0.1,0.45454545454545453,0.625,0.5814814814814815
0.001,10.0,3.0,128.0,3.0,2.0,0.1,0.2,0.2,0.45454545454545453,0.625,0.6555555555555556
0.05,10.0,3.0,128.0,2.0,2.0,0.1,0.2,0.1,0.45454545454545453,0.625,0.4777777777777778
0.001,10.0,3.0,128.0,2.0,2.0,0.1,0.2,0.1,0.45454545454545453,0.625,0.7444444444444445
0.1,30.0,5.0,64.0,2.0,2.0,0.1,0.2,0.1,0.45454545454545453,0.625,0.6814814814814816
0.001,30.0,3.0,128.0,3.0,2.0,0.1,0.2,0.2,0.45454545454545453,0.625,0.7962962962962963
0.05,30.0,5.0,64.0,2.0,2.0,0.1,0.2,0.1,0.45454545454545453,0.625,0.7074074074074075
0.001,10.0,5.0,64.0,2.0,2.0,0.1,0.2,0.1,0.45454545454545453,0.625,0.4111111111111111
0.1,10.0,3.0,64.0,2.0,2.0,0.1,0.2,0.1,0.45454545454545453,0.625,0.7481481481481481
0.05,30.0,3.0,64.0,2.0,2.0,0.1,0.2,0.1,0.45454545454545453,0.625,0.8185185185185185
0.1,10.0,5.0,128.0,3.0,1.0,0.1,0.2,0.2,0.45454545454545453,0.625,0.6370370370370371
0.001,10.0,3.0,64.0,2.0,1.0,0.1,0.1,0.1,0.45454545454545453,0.625,0.4444444444444445
0.001,10.0,5.0,128.0,3.0,1.0,0.1,0.2,0.2,0.45454545454545453,0.625,0.5333333333333333
0.001,10.0,5.0,128.0,3.0,2.0,0.1,0.1,0.2,0.45454545454545453,0.625,0.8407407407407408
0.001,10.0,3.0,128.0,2.0,1.0,0.2,0.1,0.2,0.45454545454545453,0.625,0.7814814814814816
0.1,10.0,3.0,64.0,3.0,2.0,0.2,0.1,0.2,0.45454545454545453,0.625,0.3
0.1,30.0,3.0,64.0,2.0,1.0,0.2,0.1,0.2,0.45454545454545453,0.625,0.7222222222222222
0.001,10.0,3.0,64.0,2.0,1.0,0.2,0.1,0.2,0.45454545454545453,0.625,0.40740740740740733
0.1,10.0,5.0,128.0,3.0,2.0,0.1,0.1,0.2,0.45454545454545453,0.625,0.662962962962963
0.05,30.0,5.0,128.0,3.0,2.0,0.1,0.1,0.2,0.45454545454545453,0.625,0.7407407407407407
0.1,10.0,5.0,64.0,3.0,2.0,0.2,0.1,0.2,0.45454545454545453,0.625,0.6444444444444446
0.1,30.0,3.0,128.0,3.0,2.0,0.1,0.1,0.2,0.45454545454545453,0.625,0.44814814814814813
0.1,30.0,3.0,128.0,2.0,2.0,0.1,0.1,0.2,0.45454545454545453,0.625,0.662962962962963
0.05,10.0,3.0,128.0,3.0,2.0,0.1,0.1,0.2,0.45454545454545453,0.625,0.5814814814814816
0.001,10.0,3.0,128.0,3.0,2.0,0.2,0.1,0.2,0.45454545454545453,0.625,0.8407407407407407
0.05,30.0,5.0,64.0,3.0,2.0,0.1,0.1,0.2,0.45454545454545453,0.625,0.8111111111111111
0.05,10.0,5.0,64.0,3.0,2.0,0.1,0.1,0.2,0.45454545454545453,0.625,0.5444444444444445
0.1,10.0,3.0,128.0,3.0,2.0,0.2,0.1,0.2,0.45454545454545453,0.625,0.6703703703703704
0.001,10.0,3.0,64.0,3.0,2.0,0.1,0.1,0.2,0.45454545454545453,0.625,0.41481481481481486
0.001,10.0,5.0,128.0,3.0,2.0,0.2,0.1,0.2,0.45454545454545453,0.625,0.5259259259259259
0.05,10.0,3.0,128.0,2.0,1.0,0.2,0.1,0.2,0.45454545454545453,0.625,0.6555555555555556
0.1,10.0,3.0,128.0,2.0,1.0,0.2,0.1,0.2,0.45454545454545453,0.625,0.4703703703703703
0.1,30.0,3.0,128.0,2.0,1.0,0.2,0.1,0.2,0.45454545454545453,0.625,0.8333333333333334
0.05,30.0,3.0,64.0,3.0,2.0,0.2,0.1,0.2,0.45454545454545453,0.625,0.7703703703703704
0.1,10.0,3.0,128.0,2.0,2.0,0.2,0.1,0.2,0.45454545454545453,0.625,0.45185185185185184
0.05,10.0,5.0,64.0,2.0,2.0,0.2,0.1,0.2,0.45454545454545453,0.625,0.6925925925925926
0.001,10.0,3.0,64.0,2.0,2.0,0.2,0.1,0.2,0.45454545454545453,0.625,0.8407407407407408
0.1,10.0,5.0,128.0,3.0,1.0,0.2,0.1,0.2,0.45454545454545453,0.625,0.3148148148148148
0.1,10.0,3.0,128.0,3.0,1.0,0.2,0.1,0.2,0.45454545454545453,0.625,0.5407407407407407
0.001,10.0,3.0,128.0,3.0,1.0,0.2,0.1,0.2,0.45454545454545453,0.625,0.5481481481481482
0.1,10.0,5.0,128.0,2.0,2.0,0.2,0.1,0.2,0.45454545454545453,0.625,0.5925925925925926
0.1,10.0,5.0,64.0,3.0,1.0,0.2,0.1,0.2,0.45454545454545453,0.625,0.725925925925926
0.1,30.0,3.0,64.0,3.0,1.0,0.2,0.1,0.2,0.45454545454545453,0.625,0.625925925925926
0.1,10.0,3.0,64.0,3.0,1.0,0.2,0.1,0.2,0.45454545454545453,0.625,0.6925925925925926
0.05,30.0,3.0,64.0,3.0,1.0,0.2,0.1,0.2,0.45454545454545453,0.625,0.7814814814814814
0.05,10.0,3.0,64.0,3.0,2.0,0.2,0.1,0.2,0.45454545454545453,0.625,0.6555555555555556
0.1,30.0,5.0,128.0,2.0,1.0,0.2,0.1,0.2,0.45454545454545453,0.625,0.6037037037037037
0.1,10.0,5.0,128.0,2.0,1.0,0.2,0.1,0.2,0.45454545454545453,0.625,0.737037037037037
0.05,30.0,5.0,128.0,2.0,1.0,0.2,0.1,0.2,0.45454545454545453,0.625,0.6962962962962963
0.001,10.0,5.0,128.0,2.0,2.0,0.1,0.1,0.2,0.45454545454545453,0.625,0.8666666666666667
0.05,30.0,3.0,128.0,2.0,2.0,0.1,0.1,0.2,0.45454545454545453,0.625,0.15925925925925924
0.1,30.0,3.0,64.0,2.0,2.0,0.2,0.2,0.1,0.45454545454545453,0.625,0.7222222222222223
0.05,30.0,3.0,64.0,3.0,1.0,0.1,0.2,0.2,0.45454545454545453,0.625,0.8185185185185185
0.05,10.0,5.0,64.0,2.0,1.0,0.1,0.1,0.2,0.45454545454545453,0.625,0.662962962962963
0.001,10.0,5.0,64.0,2.0,1.0,0.1,0.1,0.2,0.45454545454545453,0.625,0.37777777777777777
0.05,10.0,3.0,64.0,2.0,1.0,0.1,0.1,0.2,0.45454545454545453,0.625,0.674074074074074
0.05,30.0,5.0,128.0,3.0,2.0,0.2,0.2,0.1,0.45454545454545453,0.625,0.6296296296296297
0.1,10.0,3.0,128.0,3.0,2.0,0.2,0.2,0.1,0.45454545454545453,0.625,0.7111111111111111
0.05,10.0,3.0,128.0,3.0,2.0,0.2,0.2,0.1,0.45454545454545453,0.625,0.48148148148148145
0.001,10.0,3.0,128.0,3.0,2.0,0.2,0.2,0.1,0.45454545454545453,0.625,0.8481481481481482
0.05,10.0,3.0,64.0,3.0,2.0,0.2,0.2,0.1,0.45454545454545453,0.625,0.5037037037037037
0.1,10.0,5.0,128.0,3.0,2.0,0.2,0.1,0.2,0.45454545454545453,0.625,0.5185185185185184
0.1,10.0,5.0,128.0,2.0,2.0,0.2,0.2,0.1,0.45454545454545453,0.625,0.6481481481481481
0.05,30.0,5.0,128.0,2.0,2.0,0.2,0.2,0.1,0.45454545454545453,0.625,0.6222222222222222
0.05,10.0,5.0,128.0,2.0,2.0,0.2,0.2,0.1,0.45454545454545453,0.625,0.47777777777777775
0.1,10.0,3.0,128.0,2.0,2.0,0.2,0.2,0.1,0.45454545454545453,0.625,0.1740740740740741
0.05,30.0,3.0,128.0,2.0,2.0,0.2,0.2,0.1,0.45454545454545453,0.625,0.7888888888888889
0.1,10.0,3.0,128.0,3.0,1.0,0.1,0.2,0.2,0.45454545454545453,0.625,0.7185185185185186
0.05,30.0,5.0,64.0,2.0,2.0,0.2,0.2,0.1,0.45454545454545453,0.625,0.6370370370370371
0.1,30.0,3.0,128.0,2.0,1.0,0.1,0.2,0.2,0.45454545454545453,0.625,0.4037037037037037
0.05,30.0,3.0,128.0,2.0,1.0,0.1,0.1,0.2,0.45454545454545453,0.625,0.6407407407407408
0.1,10.0,3.0,128.0,2.0,1.0,0.1,0.2,0.2,0.45454545454545453,0.625,0.34074074074074073
0.05,10.0,3.0,128.0,2.0,1.0,0.1,0.2,0.2,0.45454545454545453,0.625,0.5703703703703704
0.1,10.0,5.0,64.0,2.0,2.0,0.1,0.1,0.2,0.45454545454545453,0.625,0.6888888888888889
0.05,30.0,5.0,64.0,2.0,2.0,0.1,0.1,0.2,0.45454545454545453,0.625,0.8296296296296296
0.1,30.0,5.0,128.0,3.0,1.0,0.1,0.1,0.2,0.45454545454545453,0.625,0.8222222222222222
0.1,10.0,5.0,128.0,3.0,1.0,0.1,0.1,0.2,0.45454545454545453,0.625,0.6962962962962963
0.05,30.0,5.0,128.0,3.0,1.0,0.1,0.1,0.2,0.45454545454545453,0.625,0.6074074074074074
0.05,10.0,5.0,128.0,3.0,1.0,0.1,0.1,0.2,0.45454545454545453,0.625,0.6148148148148148
0.001,30.0,5.0,64.0,2.0,1.0,0.1,0.2,0.2,0.45454545454545453,0.625,0.7074074074074074
0.1,10.0,3.0,128.0,3.0,1.0,0.1,0.1,0.2,0.45454545454545453,0.625,0.7185185185185186
0.05,10.0,3.0,128.0,3.0,1.0,0.1,0.1,0.2,0.45454545454545453,0.625,0.6296296296296297
0.1,10.0,5.0,64.0,3.0,1.0,0.1,0.1,0.2,0.45454545454545453,0.625,0.6333333333333334
0.1,10.0,5.0,64.0,2.0,1.0,0.1,0.2,0.2,0.45454545454545453,0.625,0.5814814814814815
0.05,10.0,5.0,64.0,3.0,1.0,0.1,0.1,0.2,0.45454545454545453,0.625,0.5666666666666667
0.05,30.0,3.0,64.0,3.0,1.0,0.1,0.1,0.2,0.45454545454545453,0.625,0.8222222222222222
0.05,10.0,3.0,64.0,3.0,1.0,0.1,0.1,0.2,0.45454545454545453,0.625,0.6074074074074074
0.1,30.0,5.0,128.0,2.0,1.0,0.1,0.1,0.2,0.45454545454545453,0.625,0.4666666666666667
0.001,10.0,3.0,64.0,3.0,1.0,0.2,0.2,0.2,0.45454545454545453,0.625,0.9148148148148147
0.001,10.0,5.0,64.0,3.0,2.0,0.1,0.2,0.1,0.45454545454545453,0.625,0.8814814814814815
0.05,10.0,5.0,64.0,2.0,2.0,0.2,0.2,0.2,0.45454545454545453,0.625,0.7481481481481481
0.05,10.0,5.0,64.0,3.0,1.0,0.1,0.1,0.1,0.45454545454545453,0.625,0.662962962962963
0.05,10.0,5.0,128.0,2.0,1.0,0.2,0.1,0.1,0.45454545454545453,0.625,0.6222222222222222
0.001,10.0,3.0,64.0,2.0,2.0,0.2,0.1,0.1,0.45454545454545453,0.625,0.8703703703703705
0.001,10.0,3.0,128.0,3.0,1.0,0.2,0.2,0.2,0.45454545454545453,0.625,0.7851851851851853
0.05,30.0,3.0,128.0,3.0,1.0,0.1,0.1,0.1,0.45454545454545453,0.625,0.2851851851851852
0.1,10.0,3.0,64.0,2.0,2.0,0.2,0.1,0.1,0.45454545454545453,0.625,0.5148148148148148
0.1,30.0,3.0,64.0,2.0,2.0,0.2,0.1,0.1,0.45454545454545453,0.625,0.6444444444444445
0.05,10.0,3.0,128.0,3.0,1.0,0.1,0.1,0.1,0.45454545454545453,0.625,0.5
0.001,10.0,3.0,128.0,3.0,1.0,0.1,0.1,0.1,0.45454545454545453,0.625,0.5370370370370371
0.1,30.0,5.0,64.0,3.0,1.0,0.1,0.1,0.1,0.45454545454545453,0.625,0.6814814814814815
0.05,10.0,3.0,128.0,2.0,2.0,0.1,0.1,0.1,0.45454545454545453,0.625,0.6407407407407408
0.05,30.0,3.0,128.0,2.0,1.0,0.2,0.1,0.1,0.45454545454545453,0.625,0.8148148148148148
0.001,10.0,5.0,128.0,2.0,1.0,0.2,0.1,0.1,0.45454545454545453,0.625,0.46296296296296297
0.05,10.0,3.0,128.0,2.0,2.0,0.2,0.1,0.1,0.45454545454545453,0.625,0.5185185185185186
0.05,30.0,3.0,128.0,2.0,2.0,0.2,0.1,0.1,0.45454545454545453,0.625,0.7703703703703704
0.1,10.0,3.0,128.0,2.0,2.0,0.2,0.1,0.1,0.45454545454545453,0.625,0.6333333333333333
0.05,10.0,5.0,64.0,3.0,1.0,0.2,0.1,0.1,0.45454545454545453,0.625,0.6333333333333334
0.05,10.0,5.0,128.0,2.0,2.0,0.2,0.2,0.2,0.45454545454545453,0.625,0.6481481481481481
0.1,10.0,3.0,128.0,2.0,1.0,0.2,0.1,0.1,0.45454545454545453,0.625,0.4814814814814815
0.1,10.0,5.0,64.0,3.0,2.0,0.2,0.2,0.2,0.45454545454545453,0.625,0.20370370370370372
0.1,30.0,3.0,128.0,2.0,2.0,0.2,0.1,0.1,0.45454545454545453,0.625,0.42962962962962964
0.1,10.0,3.0,128.0,3.0,1.0,0.1,0.1,0.1,0.45454545454545453,0.625,0.662962962962963
0.001,10.0,5.0,128.0,3.0,1.0,0.1,0.1,0.1,0.45454545454545453,0.625,0.7851851851851852
0.1,10.0,5.0,128.0,2.0,1.0,0.2,0.1,0.1,0.45454545454545453,0.625,0.5037037037037038
0.05,10.0,3.0,128.0,3.0,1.0,0.2,0.2,0.2,0.45454545454545453,0.625,0.6888888888888889
0.001,10.0,5.0,128.0,3.0,1.0,0.2,0.2,0.2,0.45454545454545453,0.625,0.8037037037037036
0.05,30.0,3.0,64.0,3.0,2.0,0.2,0.2,0.2,0.45454545454545453,0.625,0.6222222222222222
0.001,10.0,5.0,64.0,3.0,1.0,0.2,0.1,0.1,0.45454545454545453,0.625,0.7851851851851852
0.1,10.0,3.0,64.0,3.0,2.0,0.2,0.2,0.2,0.45454545454545453,0.625,0.7074074074074075
0.1,30.0,3.0,128.0,3.0,1.0,0.2,0.2,0.2,0.45454545454545453,0.625,0.7666666666666666
0.1,30.0,3.0,64.0,3.0,1.0,0.2,0.1,0.1,0.45454545454545453,0.625,0.8185185185185185
0.1,10.0,3.0,64.0,3.0,1.0,0.2,0.1,0.1,0.45454545454545453,0.625,0.3296296296296296
0.05,30.0,3.0,64.0,3.0,1.0,0.2,0.1,0.1,0.45454545454545453,0.625,0.7851851851851852
0.1,30.0,3.0,64.0,2.0,2.0,0.1,0.1,0.1,0.45454545454545453,0.625,0.8111111111111111
0.001,10.0,5.0,64.0,2.0,2.0,0.1,0.1,0.1,0.45454545454545453,0.625,0.8111111111111111
0.001,30.0,3.0,64.0,3.0,2.0,0.2,0.2,0.2,0.45454545454545453,0.625,0.9185185185185185
0.001,10.0,3.0,64.0,2.0,2.0,0.1,0.1,0.1,0.45454545454545453,0.625,0.8740740740740741
0.1,10.0,5.0,128.0,3.0,1.0,0.1,0.1,0.1,0.45454545454545453,0.625,0.41481481481481475
0.05,30.0,3.0,128.0,3.0,1.0,0.2,0.2,0.2,0.45454545454545453,0.625,0.5074074074074074
0.001,10.0,3.0,64.0,3.0,1.0,0.2,0.1,0.1,0.45454545454545453,0.625,0.7518518518518519
0.05,30.0,5.0,128.0,3.0,1.0,0.1,0.1,0.1,0.45454545454545453,0.625,0.7925925925925926
0.05,10.0,5.0,128.0,3.0,1.0,0.2,0.1,0.1,0.45454545454545453,0.625,0.45555555555555555
0.05,30.0,5.0,128.0,3.0,1.0,0.2,0.2,0.2,0.45454545454545453,0.625,0.5296296296296297
0.05,30.0,5.0,128.0,3.0,1.0,0.2,0.1,0.1,0.45454545454545453,0.625,0.5666666666666667
0.05,30.0,3.0,64.0,3.0,1.0,0.1,0.1,0.1,0.45454545454545453,0.625,0.6592592592592593
0.1,30.0,5.0,128.0,3.0,1.0,0.2,0.2,0.2,0.45454545454545453,0.625,0.4962962962962963
0.05,10.0,3.0,64.0,3.0,2.0,0.2,0.2,0.2,0.45454545454545453,0.625,0.5962962962962963
0.1,10.0,5.0,128.0,2.0,2.0,0.2,0.1,0.1,0.45454545454545453,0.625,0.674074074074074
0.05,30.0,3.0,64.0,3.0,2.0,0.1,0.1,0.1,0.45454545454545453,0.625,0.7185185185185186
0.05,30.0,3.0,64.0,2.0,2.0,0.2,0.2,0.2,0.45454545454545453,0.625,0.5518518518518518
0.001,10.0,3.0,64.0,3.0,1.0,0.1,0.1,0.1,0.45454545454545453,0.625,0.737037037037037
0.1,30.0,5.0,128.0,2.0,2.0,0.1,0.1,0.1,0.45454545454545453,0.625,0.7074074074074074
0.05,10.0,3.0,64.0,2.0,1.0,0.2,0.1,0.1,0.45454545454545453,0.625,0.711111111111111
0.05,30.0,5.0,128.0,2.0,2.0,0.1,0.1,0.1,0.45454545454545453,0.625,0.7407407407407407
0.001,10.0,5.0,64.0,3.0,1.0,0.2,0.2,0.2,0.45454545454545453,0.625,0.8407407407407408
0.05,10.0,5.0,64.0,3.0,2.0,0.1,0.1,0.1,0.45454545454545453,0.625,0.5407407407407407
0.1,10.0,5.0,128.0,3.0,2.0,0.1,0.1,0.1,0.45454545454545453,0.625,0.6703703703703704
0.1,10.0,3.0,128.0,2.0,1.0,0.1,0.1,0.1,0.45454545454545453,0.625,0.6925925925925926
0.1,30.0,5.0,128.0,2.0,2.0,0.2,0.1,0.1,0.45454545454545453,0.625,0.7074074074074075
0.1,10.0,5.0,64.0,2.0,1.0,0.2,0.1,0.1,0.45454545454545453,0.625,0.6592592592592592
0.05,30.0,5.0,64.0,3.0,2.0,0.1,0.1,0.1,0.45454545454545453,0.625,0.825925925925926
0.1,10.0,5.0,128.0,2.0,1.0,0.1,0.1,0.1,0.45454545454545453,0.625,0.6018518518518519
0.1,30.0,5.0,64.0,3.0,2.0,0.1,0.1,0.1,0.45454545454545453,0.625,0.8037037037037036
0.001,10.0,3.0,128.0,3.0,2.0,0.1,0.1,0.1,0.45454545454545453,0.625,0.8666666666666667
0.1,10.0,3.0,128.0,3.0,2.0,0.1,0.1,0.1,0.45454545454545453,0.625,0.39814814814814814
0.1,10.0,3.0,64.0,2.0,1.0,0.1,0.1,0.1,0.45454545454545453,0.625,0.5222222222222221
0.001,10.0,3.0,128.0,2.0,1.0,0.2,0.1,0.1,0.45454545454545453,0.625,0.7740740740740741
0.001,10.0,3.0,64.0,2.0,2.0,0.2,0.2,0.2,0.45454545454545453,0.625,0.8777777777777779
0.1,30.0,5.0,128.0,2.0,1.0,0.1,0.1,0.1,0.45454545454545453,0.625,0.8148148148148148
0.05,30.0,3.0,64.0,2.0,1.0,0.1,0.1,0.1,0.45454545454545453,0.625,0.7296296296296297
0.05,10.0,3.0,128.0,2.0,2.0,0.2,0.2,0.2,0.45454545454545453,0.625,0.6666666666666667
0.001,30.0,5.0,64.0,3.0,2.0,0.1,0.2,0.2,0.5454545454545454,0.6153846153846154,0.6777777777777778
0.05,30.0,3.0,128.0,3.0,1.0,0.2,0.1,0.1,0.45454545454545453,0.6086956521739131,0.6222222222222222
0.001,10.0,5.0,128.0,2.0,1.0,0.2,0.1,0.2,0.45454545454545453,0.6086956521739131,0.4703703703703704
0.05,30.0,5.0,64.0,2.0,1.0,0.1,0.2,0.1,0.6060606060606061,0.6060606060606061,0.674074074074074
0.001,30.0,5.0,128.0,3.0,2.0,0.1,0.1,0.2,0.6060606060606061,0.6060606060606061,0.762962962962963
0.001,30.0,3.0,128.0,2.0,2.0,0.2,0.2,0.1,0.6363636363636364,0.6,0.5851851851851853
0.001,10.0,5.0,128.0,3.0,2.0,0.1,0.2,0.2,0.42424242424242425,0.5957446808510638,0.47407407407407404
0.1,30.0,3.0,128.0,2.0,2.0,0.2,0.2,0.1,0.42424242424242425,0.5957446808510638,0.5296296296296296
0.001,10.0,3.0,64.0,3.0,2.0,0.2,0.2,0.1,0.42424242424242425,0.5957446808510638,0.7407407407407408
0.1,30.0,5.0,64.0,2.0,1.0,0.1,0.1,0.1,0.42424242424242425,0.5957446808510638,0.3925925925925926
0.1,30.0,3.0,64.0,3.0,2.0,0.2,0.2,0.2,0.5757575757575758,0.5882352941176471,0.6666666666666666
0.001,30.0,3.0,128.0,3.0,1.0,0.2,0.1,0.2,0.696969696969697,0.5833333333333334,0.7925925925925926
0.001,30.0,5.0,64.0,3.0,2.0,0.2,0.1,0.1,0.696969696969697,0.5833333333333334,0.8185185185185185
0.001,30.0,5.0,128.0,3.0,2.0,0.1,0.1,0.1,0.696969696969697,0.5833333333333334,0.8851851851851852
0.001,30.0,5.0,64.0,2.0,2.0,0.1,0.1,0.2,0.696969696969697,0.5833333333333334,0.9333333333333333
0.001,30.0,5.0,128.0,2.0,1.0,0.1,0.2,0.1,0.696969696969697,0.5833333333333334,0.8777777777777778
0.001,10.0,5.0,128.0,2.0,2.0,0.1,0.1,0.1,0.7272727272727273,0.5714285714285714,0.5
0.001,30.0,5.0,64.0,3.0,1.0,0.1,0.1,0.2,0.7272727272727273,0.5714285714285714,0.8851851851851852
0.001,30.0,5.0,128.0,2.0,1.0,0.2,0.1,0.2,0.7272727272727273,0.5714285714285714,0.6037037037037037
0.001,30.0,3.0,128.0,2.0,2.0,0.1,0.1,0.1,0.7272727272727273,0.5714285714285714,0.8444444444444446
0.05,30.0,3.0,64.0,2.0,1.0,0.2,0.1,0.2,0.6363636363636364,0.5714285714285714,0.7555555555555555
0.001,10.0,5.0,128.0,2.0,1.0,0.1,0.1,0.1,0.7272727272727273,0.5714285714285714,0.9370370370370371
0.001,10.0,5.0,64.0,2.0,2.0,0.2,0.1,0.1,0.3939393939393939,0.5652173913043478,0.6555555555555556
0.001,10.0,5.0,64.0,3.0,2.0,0.2,0.2,0.2,0.3939393939393939,0.5652173913043478,0.4444444444444444
0.001,30.0,5.0,64.0,2.0,1.0,0.1,0.1,0.2,0.6060606060606061,0.5517241379310345,0.6666666666666666
0.05,10.0,3.0,128.0,2.0,1.0,0.1,0.1,0.2,0.5757575757575758,0.5333333333333333,0.5888888888888889
0.001,30.0,5.0,64.0,3.0,1.0,0.1,0.2,0.1,0.5757575757575758,0.5333333333333333,0.6814814814814816
0.001,30.0,5.0,128.0,3.0,2.0,0.2,0.2,0.2,0.6666666666666666,0.5217391304347826,0.4777777777777778
0.001,10.0,5.0,64.0,2.0,1.0,0.1,0.2,0.2,0.6666666666666666,0.5217391304347826,0.8444444444444444
0.05,30.0,5.0,128.0,3.0,1.0,0.2,0.1,0.2,0.5454545454545454,0.5161290322580645,0.5962962962962963
0.001,30.0,5.0,128.0,2.0,2.0,0.1,0.1,0.1,0.696969696969697,0.5,0.7592592592592593
0.001,30.0,3.0,128.0,2.0,2.0,0.1,0.1,0.2,0.696969696969697,0.5,0.837037037037037
0.001,30.0,3.0,128.0,3.0,1.0,0.1,0.2,0.2,0.696969696969697,0.5,0.8851851851851852
0.001,30.0,3.0,64.0,2.0,2.0,0.1,0.1,0.2,0.6363636363636364,0.5,0.7962962962962963
0.001,30.0,5.0,64.0,3.0,2.0,0.1,0.1,0.1,0.696969696969697,0.5,0.8222222222222222
0.001,30.0,3.0,128.0,3.0,1.0,0.2,0.2,0.1,0.696969696969697,0.5,0.8666666666666666
0.001,30.0,5.0,64.0,3.0,1.0,0.2,0.1,0.1,0.696969696969697,0.5,0.8407407407407408
0.001,30.0,3.0,64.0,3.0,2.0,0.2,0.2,0.1,0.696969696969697,0.5,0.837037037037037
0.001,30.0,5.0,128.0,2.0,2.0,0.1,0.2,0.2,0.696969696969697,0.5,0.5518518518518519
0.001,30.0,3.0,64.0,2.0,2.0,0.1,0.2,0.1,0.696969696969697,0.5,0.7444444444444445
0.001,30.0,3.0,128.0,2.0,2.0,0.2,0.1,0.1,0.696969696969697,0.5,0.8925925925925926
0.001,30.0,5.0,128.0,2.0,2.0,0.2,0.1,0.2,0.696969696969697,0.5,0.888888888888889
0.001,30.0,5.0,128.0,3.0,1.0,0.1,0.1,0.1,0.696969696969697,0.5,0.8518518518518519
0.001,10.0,3.0,128.0,2.0,1.0,0.1,0.2,0.1,0.42424242424242425,0.45714285714285713,0.5111111111111112
0.001,30.0,3.0,64.0,3.0,2.0,0.2,0.1,0.2,0.6666666666666666,0.42105263157894735,0.9148148148148149
0.001,30.0,5.0,128.0,2.0,2.0,0.2,0.1,0.1,0.6666666666666666,0.42105263157894735,0.8777777777777778
0.001,30.0,3.0,64.0,2.0,1.0,0.2,0.2,0.2,0.6666666666666666,0.42105263157894735,0.7444444444444445
0.001,30.0,3.0,64.0,2.0,2.0,0.2,0.2,0.2,0.6666666666666666,0.42105263157894735,0.7555555555555555
0.001,30.0,5.0,128.0,2.0,1.0,0.1,0.1,0.1,0.6666666666666666,0.42105263157894735,0.7777777777777778
0.001,30.0,5.0,64.0,2.0,1.0,0.2,0.1,0.1,0.6666666666666666,0.42105263157894735,0.9222222222222223
0.001,30.0,3.0,64.0,3.0,1.0,0.2,0.1,0.2,0.6666666666666666,0.42105263157894735,0.8740740740740741
0.001,30.0,3.0,64.0,3.0,2.0,0.2,0.1,0.1,0.6666666666666666,0.42105263157894735,0.8629629629629629
0.001,10.0,3.0,64.0,3.0,1.0,0.1,0.1,0.2,0.6666666666666666,0.42105263157894735,0.8185185185185185
0.001,30.0,5.0,64.0,3.0,1.0,0.2,0.2,0.2,0.6666666666666666,0.42105263157894735,0.8074074074074074
0.001,30.0,3.0,128.0,2.0,2.0,0.2,0.2,0.2,0.6666666666666666,0.42105263157894735,0.8629629629629629
0.001,10.0,5.0,128.0,2.0,1.0,0.1,0.1,0.2,0.6666666666666666,0.42105263157894735,0.7592592592592593
0.1,30.0,5.0,64.0,2.0,1.0,0.2,0.1,0.2,0.6666666666666666,0.42105263157894735,0.7666666666666666
0.001,30.0,3.0,128.0,2.0,1.0,0.1,0.2,0.1,0.6666666666666666,0.42105263157894735,0.8481481481481482
0.001,30.0,3.0,64.0,2.0,1.0,0.2,0.1,0.1,0.6666666666666666,0.42105263157894735,0.825925925925926
0.05,10.0,3.0,128.0,3.0,1.0,0.2,0.1,0.2,0.6666666666666666,0.42105263157894735,0.6925925925925926
0.05,30.0,5.0,64.0,2.0,1.0,0.1,0.1,0.1,0.6666666666666666,0.42105263157894735,0.7777777777777778
0.1,30.0,5.0,128.0,3.0,1.0,0.2,0.1,0.2,0.6666666666666666,0.42105263157894735,0.8296296296296297
0.05,30.0,3.0,64.0,2.0,2.0,0.2,0.1,0.2,0.6666666666666666,0.42105263157894735,0.6444444444444445
0.001,30.0,3.0,64.0,2.0,1.0,0.1,0.1,0.2,0.6666666666666666,0.42105263157894735,0.9592592592592593
0.001,30.0,5.0,128.0,3.0,2.0,0.2,0.1,0.1,0.6666666666666666,0.42105263157894735,0.8111111111111111
0.001,30.0,5.0,64.0,3.0,1.0,0.1,0.2,0.2,0.6666666666666666,0.42105263157894735,0.562962962962963
0.001,10.0,5.0,128.0,3.0,2.0,0.2,0.1,0.1,0.6666666666666666,0.42105263157894735,0.8296296296296296
0.001,30.0,3.0,128.0,2.0,1.0,0.2,0.1,0.2,0.6666666666666666,0.42105263157894735,0.8666666666666667
0.05,30.0,5.0,64.0,2.0,1.0,0.2,0.1,0.1,0.6666666666666666,0.42105263157894735,0.8
0.001,30.0,3.0,128.0,3.0,2.0,0.1,0.2,0.1,0.6666666666666666,0.42105263157894735,0.8074074074074074
0.001,30.0,5.0,128.0,3.0,2.0,0.2,0.1,0.2,0.6666666666666666,0.42105263157894735,0.8962962962962964
0.001,30.0,5.0,64.0,3.0,2.0,0.1,0.1,0.2,0.6666666666666666,0.42105263157894735,0.8185185185185185
0.001,30.0,3.0,64.0,2.0,1.0,0.1,0.2,0.2,0.6666666666666666,0.42105263157894735,0.5185185185185186
0.001,30.0,5.0,64.0,2.0,2.0,0.1,0.2,0.1,0.6666666666666666,0.42105263157894735,0.7148148148148148
0.001,30.0,3.0,64.0,3.0,1.0,0.2,0.2,0.1,0.6666666666666666,0.42105263157894735,0.8185185185185185
0.1,30.0,5.0,64.0,2.0,2.0,0.2,0.1,0.1,0.6666666666666666,0.42105263157894735,0.6518518518518519
0.001,30.0,3.0,128.0,3.0,1.0,0.2,0.1,0.1,0.6666666666666666,0.42105263157894735,0.8407407407407408
0.001,10.0,3.0,128.0,2.0,2.0,0.2,0.1,0.1,0.6666666666666666,0.42105263157894735,0.8148148148148149
0.001,30.0,5.0,128.0,3.0,1.0,0.1,0.2,0.1,0.6666666666666666,0.42105263157894735,0.7592592592592593
0.001,30.0,5.0,64.0,3.0,1.0,0.2,0.2,0.1,0.6666666666666666,0.42105263157894735,0.8037037037037038
0.001,30.0,5.0,64.0,3.0,2.0,0.2,0.1,0.2,0.6666666666666666,0.42105263157894735,0.888888888888889
0.001,30.0,5.0,64.0,2.0,1.0,0.2,0.2,0.2,0.42424242424242425,0.3870967741935484,0.4407407407407407
0.001,30.0,3.0,64.0,3.0,1.0,0.1,0.2,0.1,0.6363636363636364,0.3333333333333333,0.8370370370370371
0.05,30.0,3.0,64.0,2.0,1.0,0.2,0.1,0.1,0.6363636363636364,0.3333333333333333,0.825925925925926
0.001,30.0,5.0,128.0,3.0,1.0,0.2,0.1,0.2,0.6363636363636364,0.3333333333333333,0.8407407407407408
0.001,30.0,3.0,128.0,2.0,1.0,0.2,0.2,0.2,0.6363636363636364,0.3333333333333333,0.8518518518518519
0.05,30.0,5.0,64.0,3.0,1.0,0.2,0.1,0.2,0.6363636363636364,0.3333333333333333,0.674074074074074
0.001,30.0,5.0,128.0,2.0,1.0,0.1,0.2,0.2,0.6363636363636364,0.3333333333333333,0.8111111111111111
0.1,30.0,3.0,128.0,3.0,1.0,0.2,0.1,0.1,0.6363636363636364,0.3333333333333333,0.6444444444444445
0.001,30.0,5.0,64.0,3.0,1.0,0.2,0.1,0.2,0.6363636363636364,0.3333333333333333,0.7481481481481482
0.001,10.0,3.0,128.0,3.0,1.0,0.2,0.1,0.1,0.6363636363636364,0.3333333333333333,0.862962962962963
0.001,30.0,5.0,128.0,2.0,2.0,0.1,0.1,0.2,0.6363636363636364,0.3333333333333333,0.8
0.001,10.0,5.0,128.0,3.0,2.0,0.1,0.2,0.1,0.6363636363636364,0.3333333333333333,0.8
0.001,30.0,3.0,128.0,3.0,1.0,0.2,0.2,0.2,0.6363636363636364,0.3333333333333333,0.8333333333333333
0.05,30.0,3.0,128.0,3.0,2.0,0.2,0.2,0.1,0.6363636363636364,0.3333333333333333,0.662962962962963
0.001,30.0,3.0,128.0,2.0,1.0,0.1,0.2,0.2,0.6363636363636364,0.3333333333333333,0.674074074074074
0.001,30.0,3.0,128.0,3.0,1.0,0.1,0.2,0.1,0.6363636363636364,0.3333333333333333,0.8296296296296296
0.001,30.0,3.0,64.0,2.0,2.0,0.1,0.1,0.1,0.6363636363636364,0.3333333333333333,0.8962962962962964
0.001,30.0,5.0,128.0,3.0,1.0,0.1,0.1,0.2,0.6363636363636364,0.3333333333333333,0.8851851851851853
0.001,30.0,5.0,64.0,2.0,2.0,0.1,0.2,0.2,0.6363636363636364,0.3333333333333333,0.5740740740740742
0.001,30.0,3.0,64.0,2.0,1.0,0.2,0.2,0.1,0.6363636363636364,0.3333333333333333,0.7148148148148148
0.001,30.0,3.0,128.0,3.0,2.0,0.2,0.2,0.2,0.6363636363636364,0.3333333333333333,0.7444444444444445
0.001,30.0,3.0,64.0,3.0,2.0,0.1,0.1,0.1,0.6363636363636364,0.3333333333333333,0.8333333333333334
0.001,10.0,3.0,64.0,3.0,2.0,0.2,0.2,0.2,0.48484848484848486,0.32,0.5518518518518518
0.001,30.0,3.0,128.0,2.0,1.0,0.1,0.1,0.2,0.6060606060606061,0.23529411764705882,0.6148148148148149
0.1,30.0,5.0,64.0,3.0,2.0,0.1,0.1,0.2,0.6060606060606061,0.23529411764705882,0.7407407407407407
0.05,30.0,3.0,128.0,3.0,2.0,0.1,0.1,0.2,0.6060606060606061,0.23529411764705882,0.7814814814814814
0.001,30.0,3.0,64.0,2.0,2.0,0.2,0.1,0.2,0.6060606060606061,0.23529411764705882,0.7925925925925926
0.001,30.0,5.0,128.0,2.0,2.0,0.2,0.2,0.2,0.6060606060606061,0.23529411764705882,0.888888888888889
0.001,30.0,3.0,64.0,2.0,1.0,0.2,0.1,0.2,0.6060606060606061,0.23529411764705882,0.45555555555555555
0.001,10.0,5.0,64.0,3.0,1.0,0.1,0.1,0.2,0.6060606060606061,0.23529411764705882,0.9111111111111111
0.05,30.0,3.0,64.0,3.0,2.0,0.1,0.1,0.2,0.6060606060606061,0.23529411764705882,0.7
0.001,30.0,3.0,64.0,3.0,2.0,0.1,0.1,0.2,0.6060606060606061,0.23529411764705882,0.6296296296296297
0.001,30.0,5.0,128.0,3.0,2.0,0.2,0.2,0.1,0.6060606060606061,0.23529411764705882,0.8740740740740741
0.001,10.0,5.0,128.0,2.0,2.0,0.2,0.2,0.2,0.6060606060606061,0.23529411764705882,0.8740740740740741
0.05,30.0,5.0,128.0,2.0,2.0,0.1,0.1,0.2,0.6060606060606061,0.23529411764705882,0.6740740740740742
0.001,30.0,3.0,128.0,3.0,2.0,0.2,0.2,0.1,0.6060606060606061,0.23529411764705882,0.8703703703703705
0.001,30.0,5.0,64.0,2.0,1.0,0.2,0.1,0.2,0.6060606060606061,0.23529411764705882,0.9
0.001,10.0,3.0,128.0,3.0,2.0,0.2,0.1,0.1,0.6060606060606061,0.23529411764705882,0.9111111111111112
0.001,30.0,5.0,64.0,2.0,2.0,0.2,0.2,0.2,0.6060606060606061,0.23529411764705882,0.6148148148148148
0.001,30.0,5.0,64.0,3.0,2.0,0.1,0.2,0.1,0.6060606060606061,0.23529411764705882,0.6777777777777778
0.001,10.0,3.0,128.0,3.0,1.0,0.2,0.2,0.1,0.6060606060606061,0.23529411764705882,0.9222222222222223
0.001,30.0,5.0,128.0,3.0,2.0,0.1,0.2,0.1,0.6060606060606061,0.23529411764705882,0.6851851851851851
0.001,30.0,5.0,128.0,2.0,1.0,0.2,0.2,0.2,0.6060606060606061,0.23529411764705882,0.6851851851851851
0.001,30.0,3.0,64.0,3.0,1.0,0.2,0.2,0.2,0.6060606060606061,0.23529411764705882,0.7518518518518519
0.001,30.0,3.0,64.0,3.0,2.0,0.1,0.2,0.2,0.6060606060606061,0.23529411764705882,0.8444444444444444
0.001,30.0,3.0,128.0,2.0,1.0,0.2,0.2,0.1,0.6060606060606061,0.23529411764705882,0.874074074074074
0.05,30.0,5.0,64.0,3.0,2.0,0.1,0.2,0.1,0.6060606060606061,0.23529411764705882,0.6666666666666666
0.001,10.0,3.0,64.0,3.0,1.0,0.2,0.2,0.1,0.6060606060606061,0.23529411764705882,0.7481481481481481
0.05,30.0,5.0,128.0,2.0,2.0,0.2,0.1,0.1,0.6060606060606061,0.23529411764705882,0.5037037037037038
0.001,30.0,5.0,128.0,3.0,1.0,0.1,0.2,0.2,0.6060606060606061,0.23529411764705882,0.7333333333333334
0.001,30.0,5.0,128.0,3.0,1.0,0.2,0.1,0.1,0.6060606060606061,0.23529411764705882,0.8333333333333333
0.001,30.0,5.0,64.0,3.0,2.0,0.2,0.2,0.1,0.6060606060606061,0.23529411764705882,0.8962962962962964
0.001,30.0,3.0,64.0,2.0,2.0,0.2,0.2,0.1,0.6060606060606061,0.23529411764705882,0.8777777777777778
0.001,30.0,5.0,64.0,2.0,2.0,0.2,0.2,0.1,0.6060606060606061,0.23529411764705882,0.6518518518518518
0.001,30.0,5.0,128.0,2.0,1.0,0.2,0.1,0.1,0.6060606060606061,0.23529411764705882,0.8481481481481481
0.001,10.0,5.0,128.0,2.0,1.0,0.2,0.2,0.2,0.6060606060606061,0.23529411764705882,0.625925925925926
0.001,10.0,3.0,128.0,2.0,1.0,0.2,0.2,0.2,0.5757575757575758,0.125,0.4111111111111111
0.001,30.0,5.0,128.0,3.0,2.0,0.1,0.2,0.2,0.5757575757575758,0.125,0.6185185185185185
0.001,10.0,3.0,128.0,3.0,1.0,0.1,0.1,0.2,0.5757575757575758,0.125,0.41111111111111115
0.001,30.0,3.0,128.0,3.0,1.0,0.1,0.1,0.2,0.5757575757575758,0.125,0.5592592592592592
0.001,30.0,3.0,128.0,2.0,2.0,0.1,0.2,0.2,0.5757575757575758,0.125,0.837037037037037
0.05,30.0,3.0,64.0,3.0,2.0,0.2,0.1,0.1,0.5757575757575758,0.125,0.6037037037037037
0.1,30.0,5.0,64.0,3.0,2.0,0.2,0.1,0.2,0.5757575757575758,0.125,0.7962962962962963
0.05,30.0,5.0,128.0,2.0,2.0,0.2,0.2,0.2,0.5757575757575758,0.125,0.6
0.05,30.0,3.0,64.0,2.0,2.0,0.2,0.2,0.1,0.5757575757575758,0.125,0.7407407407407408
0.05,30.0,3.0,128.0,2.0,1.0,0.2,0.2,0.1,0.5757575757575758,0.125,0.5370370370370371
0.05,30.0,5.0,128.0,3.0,2.0,0.2,0.1,0.2,0.5757575757575758,0.125,0.5592592592592592
0.001,10.0,3.0,128.0,2.0,2.0,0.1,0.1,0.1,0.5757575757575758,0.125,0.8444444444444444
0.05,30.0,3.0,128.0,3.0,1.0,0.1,0.2,0.1,0.5757575757575758,0.125,0.40740740740740744
0.001,10.0,5.0,128.0,2.0,2.0,0.2,0.1,0.1,0.5757575757575758,0.125,0.5888888888888889
0.001,10.0,3.0,128.0,3.0,1.0,0.1,0.2,0.1,0.5757575757575758,0.125,0.36666666666666664
0.1,30.0,3.0,64.0,2.0,2.0,0.1,0.1,0.2,0.5757575757575758,0.125,0.6481481481481481
0.001,10.0,3.0,64.0,2.0,1.0,0.2,0.2,0.2,0.5757575757575758,0.125,0.4666666666666667
0.001,10.0,3.0,128.0,2.0,1.0,0.1,0.1,0.1,0.5757575757575758,0.125,0.9333333333333333
0.001,10.0,5.0,128.0,3.0,2.0,0.2,0.2,0.2,0.5757575757575758,0.125,0.7481481481481481
0.001,30.0,5.0,128.0,2.0,2.0,0.2,0.2,0.1,0.5757575757575758,0.125,0.8333333333333334
0.001,10.0,5.0,64.0,3.0,2.0,0.1,0.1,0.1,0.5757575757575758,0.125,0.5148148148148148
0.001,10.0,5.0,64.0,3.0,2.0,0.1,0.2,0.2,0.5757575757575758,0.125,0.4333333333333333
0.001,10.0,5.0,128.0,3.0,2.0,0.2,0.2,0.1,0.5757575757575758,0.125,0.4925925925925926
0.001,30.0,5.0,64.0,2.0,2.0,0.2,0.1,0.2,0.5757575757575758,0.125,0.9259259259259259
0.001,10.0,5.0,64.0,2.0,2.0,0.2,0.1,0.2,0.5757575757575758,0.125,0.8333333333333333
0.05,30.0,5.0,64.0,2.0,2.0,0.2,0.1,0.1,0.5757575757575758,0.125,0.825925925925926
0.001,10.0,5.0,64.0,2.0,2.0,0.2,0.2,0.2,0.5757575757575758,0.125,0.4259259259259259
0.001,10.0,5.0,64.0,2.0,1.0,0.2,0.1,0.1,0.5757575757575758,0.125,0.7074074074074075
0.001,10.0,5.0,64.0,3.0,2.0,0.2,0.1,0.1,0.5757575757575758,0.125,0.7000000000000001
0.001,10.0,3.0,128.0,3.0,2.0,0.2,0.2,0.2,0.5757575757575758,0.125,0.7444444444444445
0.1,30.0,3.0,128.0,2.0,1.0,0.1,0.1,0.2,0.5757575757575758,0.125,0.6259259259259259
0.1,30.0,3.0,64.0,3.0,1.0,0.2,0.2,0.2,0.5757575757575758,0.125,0.7592592592592592
0.001,10.0,5.0,64.0,2.0,2.0,0.2,0.2,0.1,0.5757575757575758,0.125,0.4296296296296296
0.05,30.0,3.0,128.0,3.0,1.0,0.2,0.1,0.2,0.5757575757575758,0.125,0.8518518518518519
0.05,30.0,3.0,128.0,2.0,1.0,0.2,0.1,0.2,0.5757575757575758,0.125,0.6481481481481481
0.001,30.0,5.0,64.0,2.0,1.0,0.1,0.2,0.1,0.5757575757575758,0.125,0.7740740740740741
0.05,30.0,3.0,128.0,3.0,2.0,0.1,0.2,0.2,0.5454545454545454,0.0,0.47777777777777775
0.1,10.0,5.0,64.0,3.0,1.0,0.2,0.2,0.2,0.5454545454545454,0.0,0.8296296296296297
0.1,30.0,5.0,64.0,3.0,2.0,0.1,0.2,0.2,0.5454545454545454,0.0,0.8074074074074074
0.1,30.0,5.0,64.0,3.0,1.0,0.2,0.2,0.2,0.5454545454545454,0.0,0.4555555555555556
0.1,30.0,3.0,128.0,3.0,2.0,0.1,0.2,0.2,0.5454545454545454,0.0,0.5537037037037038
0.05,30.0,5.0,64.0,3.0,1.0,0.2,0.2,0.2,0.5454545454545454,0.0,0.6925925925925926
0.05,30.0,5.0,64.0,3.0,2.0,0.2,0.2,0.2,0.5454545454545454,0.0,0.774074074074074
0.05,30.0,5.0,128.0,3.0,2.0,0.1,0.2,0.2,0.5454545454545454,0.0,0.5888888888888889
0.05,10.0,5.0,64.0,3.0,2.0,0.2,0.2,0.2,0.5454545454545454,0.0,0.6037037037037037
0.05,10.0,3.0,128.0,3.0,2.0,0.1,0.2,0.2,0.5454545454545454,0.0,0.2962962962962963
0.1,30.0,5.0,64.0,3.0,2.0,0.2,0.2,0.2,0.5454545454545454,0.0,0.5296296296296296
0.1,30.0,3.0,64.0,3.0,2.0,0.2,0.1,0.2,0.5454545454545454,0.0,0.6074074074074074
0.05,10.0,5.0,128.0,3.0,2.0,0.1,0.2,0.2,0.5454545454545454,0.0,0.5259259259259259
0.05,10.0,5.0,64.0,3.0,2.0,0.2,0.1,0.2,0.5454545454545454,0.0,0.6370370370370371
0.1,10.0,3.0,64.0,3.0,1.0,0.1,0.2,0.2,0.5454545454545454,0.0,0.8148148148148149
0.1,30.0,5.0,128.0,3.0,2.0,0.1,0.2,0.2,0.5454545454545454,0.0,0.2962962962962963
0.05,30.0,5.0,128.0,2.0,2.0,0.2,0.1,0.2,0.5454545454545454,0.0,0.7185185185185186
0.05,30.0,3.0,128.0,2.0,2.0,0.2,0.1,0.2,0.5454545454545454,0.0,0.7111111111111111
0.1,10.0,5.0,128.0,3.0,2.0,0.2,0.2,0.2,0.5454545454545454,0.0,0.6037037037037036
0.1,30.0,5.0,128.0,2.0,1.0,0.2,0.2,0.2,0.5454545454545454,0.0,0.45555555555555555
0.1,10.0,5.0,128.0,2.0,1.0,0.2,0.2,0.2,0.5454545454545454,0.0,0.5296296296296297
0.1,30.0,3.0,128.0,2.0,2.0,0.2,0.1,0.2,0.5454545454545454,0.0,0.32222222222222224
0.001,10.0,5.0,128.0,2.0,2.0,0.2,0.1,0.2,0.5454545454545454,0.0,0.4407407407407407
0.05,10.0,3.0,64.0,3.0,1.0,0.2,0.2,0.2,0.5454545454545454,0.0,0.6555555555555556
0.05,10.0,5.0,128.0,2.0,1.0,0.2,0.2,0.2,0.5454545454545454,0.0,0.6222222222222222
0.05,30.0,3.0,64.0,3.0,1.0,0.2,0.2,0.2,0.5454545454545454,0.0,0.7
0.05,30.0,5.0,128.0,3.0,2.0,0.2,0.2,0.2,0.5454545454545454,0.0,0.6666666666666667
0.1,10.0,3.0,64.0,3.0,1.0,0.2,0.2,0.2,0.5454545454545454,0.0,0.6037037037037036
0.05,10.0,5.0,128.0,3.0,2.0,0.2,0.2,0.2,0.5454545454545454,0.0,0.5444444444444445
0.05,10.0,5.0,128.0,2.0,2.0,0.2,0.1,0.2,0.5454545454545454,0.0,0.6296296296296297
0.1,10.0,3.0,128.0,2.0,1.0,0.2,0.2,0.2,0.5454545454545454,0.0,0.674074074074074
0.05,10.0,3.0,64.0,2.0,1.0,0.2,0.2,0.2,0.5454545454545454,0.0,0.662962962962963
0.05,10.0,3.0,128.0,2.0,1.0,0.2,0.2,0.2,0.5454545454545454,0.0,0.6296296296296297
0.1,30.0,5.0,128.0,2.0,2.0,0.2,0.1,0.2,0.5454545454545454,0.0,0.5925925925925926
0.001,10.0,3.0,64.0,3.0,2.0,0.2,0.1,0.2,0.5454545454545454,0.0,0.5777777777777778
0.1,30.0,3.0,128.0,3.0,2.0,0.2,0.2,0.2,0.5454545454545454,0.0,0.5
0.1,10.0,3.0,128.0,3.0,2.0,0.2,0.2,0.2,0.5454545454545454,0.0,0.5074074074074073
0.1,10.0,5.0,64.0,3.0,2.0,0.1,0.2,0.2,0.5454545454545454,0.0,0.3740740740740741
0.1,10.0,5.0,64.0,2.0,1.0,0.2,0.2,0.2,0.5454545454545454,0.0,0.5444444444444444
0.05,30.0,5.0,64.0,2.0,1.0,0.2,0.2,0.2,0.5454545454545454,0.0,0.7740740740740741
0.05,10.0,5.0,64.0,2.0,1.0,0.2,0.2,0.2,0.5454545454545454,0.0,0.38888888888888884
0.001,10.0,5.0,64.0,2.0,1.0,0.2,0.2,0.2,0.5454545454545454,0.0,0.8962962962962964
0.05,10.0,3.0,128.0,3.0,2.0,0.2,0.2,0.2,0.5454545454545454,0.0,0.5444444444444444
0.1,30.0,3.0,64.0,2.0,1.0,0.2,0.2,0.2,0.5454545454545454,0.0,0.43703703703703706
0.05,10.0,5.0,64.0,3.0,1.0,0.2,0.2,0.2,0.5454545454545454,0.0,0.40370370370370373
0.1,30.0,5.0,64.0,2.0,1.0,0.2,0.2,0.2,0.5454545454545454,0.0,0.5777777777777777
0.1,10.0,5.0,128.0,2.0,2.0,0.1,0.2,0.2,0.5454545454545454,0.0,0.5555555555555556
0.05,30.0,5.0,64.0,3.0,2.0,0.1,0.2,0.2,0.5454545454545454,0.0,0.548148148148148
0.001,10.0,5.0,128.0,2.0,1.0,0.1,0.2,0.2,0.5454545454545454,0.0,0.862962962962963
0.05,10.0,3.0,64.0,2.0,2.0,0.2,0.2,0.2,0.5454545454545454,0.0,0.7777777777777778
0.05,30.0,5.0,128.0,3.0,1.0,0.1,0.2,0.2,0.5454545454545454,0.0,0.5037037037037037
0.05,10.0,5.0,128.0,3.0,1.0,0.1,0.2,0.2,0.5454545454545454,0.0,0.6703703703703703
0.1,30.0,5.0,64.0,2.0,1.0,0.1,0.2,0.2,0.5454545454545454,0.0,0.8333333333333334
0.1,30.0,3.0,128.0,2.0,2.0,0.2,0.2,0.2,0.5454545454545454,0.0,0.5333333333333333
0.1,10.0,3.0,128.0,2.0,2.0,0.2,0.2,0.2,0.5454545454545454,0.0,0.5703703703703704
0.05,30.0,3.0,128.0,2.0,2.0,0.2,0.2,0.2,0.5454545454545454,0.0,0.6481481481481481
0.1,30.0,3.0,128.0,3.0,1.0,0.1,0.2,0.2,0.5454545454545454,0.0,0.6
0.05,30.0,3.0,128.0,2.0,1.0,0.1,0.2,0.2,0.5454545454545454,0.0,0.6481481481481481
0.1,10.0,3.0,64.0,2.0,2.0,0.2,0.2,0.2,0.5454545454545454,0.0,0.437037037037037
0.05,30.0,3.0,128.0,3.0,1.0,0.1,0.2,0.2,0.5454545454545454,0.0,0.7814814814814814
0.05,10.0,3.0,128.0,3.0,1.0,0.1,0.2,0.2,0.5454545454545454,0.0,0.4185185185185185
0.001,10.0,3.0,128.0,3.0,1.0,0.1,0.2,0.2,0.5454545454545454,0.0,0.562962962962963
0.1,30.0,3.0,64.0,2.0,2.0,0.2,0.2,0.2,0.5454545454545454,0.0,0.8592592592592593
0.1,30.0,5.0,64.0,3.0,1.0,0.1,0.2,0.2,0.5454545454545454,0.0,0.6703703703703704
0.001,10.0,3.0,64.0,2.0,2.0,0.1,0.2,0.2,0.5454545454545454,0.0,0.7666666666666666
0.001,10.0,3.0,128.0,2.0,2.0,0.2,0.2,0.2,0.5454545454545454,0.0,0.7851851851851852
0.05,10.0,5.0,128.0,2.0,1.0,0.1,0.2,0.2,0.5454545454545454,0.0,0.48518518518518516
0.05,30.0,5.0,128.0,2.0,1.0,0.1,0.2,0.2,0.5454545454545454,0.0,0.8703703703703703
0.1,10.0,5.0,128.0,2.0,1.0,0.1,0.2,0.2,0.5454545454545454,0.0,0.5259259259259259
0.1,10.0,5.0,64.0,3.0,1.0,0.1,0.2,0.2,0.5454545454545454,0.0,0.6148148148148148
0.05,30.0,5.0,64.0,3.0,1.0,0.1,0.2,0.2,0.5454545454545454,0.0,0.25925925925925924
0.05,10.0,5.0,64.0,3.0,1.0,0.1,0.2,0.2,0.5454545454545454,0.0,0.4444444444444445
0.1,30.0,5.0,128.0,2.0,1.0,0.1,0.2,0.2,0.5454545454545454,0.0,0.537037037037037
0.001,10.0,3.0,64.0,3.0,1.0,0.1,0.2,0.2,0.5454545454545454,0.0,0.7296296296296296
0.1,30.0,5.0,64.0,2.0,2.0,0.2,0.2,0.2,0.5454545454545454,0.0,0.8407407407407408
0.1,10.0,5.0,64.0,2.0,2.0,0.2,0.2,0.2,0.5454545454545454,0.0,0.6777777777777778
0.05,10.0,3.0,64.0,3.0,1.0,0.1,0.2,0.2,0.5454545454545454,0.0,0.1925925925925926
0.001,10.0,5.0,64.0,3.0,1.0,0.1,0.2,0.2,0.5454545454545454,0.0,0.6333333333333334
0.1,30.0,3.0,64.0,3.0,1.0,0.1,0.2,0.2,0.5454545454545454,0.0,0.6333333333333333
0.05,30.0,5.0,64.0,2.0,1.0,0.1,0.2,0.2,0.5454545454545454,0.0,0.8111111111111111
0.05,10.0,5.0,64.0,2.0,1.0,0.1,0.2,0.2,0.5454545454545454,0.0,0.5555555555555556
0.05,10.0,5.0,64.0,3.0,2.0,0.1,0.2,0.2,0.5454545454545454,0.0,0.44814814814814813
0.05,10.0,5.0,128.0,3.0,2.0,0.2,0.1,0.2,0.5454545454545454,0.0,0.4185185185185185
0.1,10.0,3.0,64.0,3.0,2.0,0.1,0.2,0.2,0.5454545454545454,0.0,0.4962962962962963
0.05,10.0,3.0,64.0,3.0,2.0,0.1,0.2,0.2,0.5454545454545454,0.0,0.4925925925925926
0.1,10.0,3.0,128.0,3.0,1.0,0.2,0.2,0.2,0.5454545454545454,0.0,0.8407407407407408
0.001,10.0,3.0,64.0,3.0,2.0,0.1,0.2,0.2,0.5454545454545454,0.0,0.3592592592592593
0.05,10.0,3.0,128.0,3.0,2.0,0.2,0.1,0.2,0.5454545454545454,0.0,0.7000000000000001
0.05,30.0,3.0,128.0,3.0,2.0,0.2,0.1,0.2,0.5454545454545454,0.0,0.5
0.1,30.0,5.0,128.0,2.0,2.0,0.1,0.2,0.2,0.5454545454545454,0.0,0.4481481481481481
0.05,30.0,5.0,64.0,2.0,2.0,0.2,0.2,0.2,0.5454545454545454,0.0,0.3666666666666667
0.05,30.0,5.0,128.0,2.0,2.0,0.1,0.2,0.2,0.5454545454545454,0.0,0.7370370370370369
0.1,30.0,3.0,128.0,3.0,2.0,0.2,0.1,0.2,0.5454545454545454,0.0,0.5962962962962963
0.05,10.0,5.0,128.0,2.0,2.0,0.1,0.2,0.2,0.5454545454545454,0.0,0.8074074074074075
0.1,30.0,3.0,128.0,2.0,2.0,0.1,0.2,0.2,0.5454545454545454,0.0,0.7777777777777778
0.05,30.0,3.0,128.0,2.0,2.0,0.1,0.2,0.2,0.5454545454545454,0.0,0.6925925925925925
0.001,10.0,3.0,128.0,2.0,2.0,0.1,0.2,0.2,0.5454545454545454,0.0,0.6925925925925925
0.05,10.0,5.0,128.0,3.0,1.0,0.2,0.2,0.2,0.5454545454545454,0.0,0.5592592592592592
0.05,10.0,3.0,64.0,2.0,2.0,0.1,0.2,0.2,0.5454545454545454,0.0,0.38518518518518513
0.1,10.0,5.0,128.0,3.0,1.0,0.2,0.2,0.2,0.5454545454545454,0.0,0.6703703703703703
0.1,30.0,5.0,128.0,3.0,2.0,0.2,0.1,0.2,0.5454545454545454,0.0,0.4037037037037037
0.1,30.0,5.0,128.0,2.0,2.0,0.2,0.2,0.2,0.5454545454545454,0.0,0.8111111111111111
0.1,10.0,5.0,128.0,2.0,2.0,0.2,0.2,0.2,0.5454545454545454,0.0,0.5592592592592592
0.001,10.0,3.0,64.0,2.0,1.0,0.1,0.2,0.2,0.5454545454545454,0.0,0.17777777777777778
0.05,30.0,5.0,64.0,2.0,2.0,0.1,0.2,0.2,0.5454545454545454,0.0,0.7925925925925925
0.05,10.0,3.0,64.0,2.0,1.0,0.1,0.2,0.2,0.5454545454545454,0.0,0.5296296296296296
0.05,30.0,3.0,64.0,2.0,1.0,0.1,0.2,0.2,0.5454545454545454,0.0,0.5259259259259259
0.1,10.0,3.0,64.0,2.0,1.0,0.1,0.2,0.2,0.5454545454545454,0.0,0.6518518518518519
0.1,30.0,3.0,64.0,2.0,1.0,0.1,0.2,0.2,0.5454545454545454,0.0,0.7851851851851852
0.05,10.0,5.0,64.0,2.0,2.0,0.1,0.2,0.2,0.5454545454545454,0.0,0.2777777777777778
0.001,10.0,5.0,64.0,2.0,2.0,0.1,0.2,0.2,0.5454545454545454,0.0,0.6962962962962963
0.1,30.0,3.0,64.0,2.0,2.0,0.1,0.2,0.2,0.5454545454545454,0.0,0.837037037037037
0.1,10.0,3.0,64.0,2.0,2.0,0.1,0.2,0.2,0.5454545454545454,0.0,0.47407407407407404
0.05,10.0,3.0,128.0,2.0,2.0,0.2,0.1,0.2,0.5454545454545454,0.0,0.4111111111111111
0.001,10.0,3.0,64.0,2.0,1.0,0.1,0.1,0.2,0.5454545454545454,0.0,0.9370370370370371
0.001,10.0,3.0,128.0,2.0,2.0,0.2,0.1,0.2,0.5454545454545454,0.0,0.825925925925926
0.1,10.0,3.0,128.0,3.0,1.0,0.2,0.1,0.1,0.5454545454545454,0.0,0.48518518518518516
0.1,10.0,5.0,64.0,2.0,1.0,0.1,0.2,0.1,0.5454545454545454,0.0,0.7444444444444445
0.05,10.0,5.0,64.0,2.0,1.0,0.1,0.2,0.1,0.5454545454545454,0.0,0.41851851851851857
0.001,10.0,5.0,64.0,2.0,1.0,0.1,0.2,0.1,0.5454545454545454,0.0,0.7814814814814816
0.1,30.0,3.0,64.0,2.0,1.0,0.1,0.2,0.1,0.5454545454545454,0.0,0.7888888888888889
0.05,30.0,3.0,64.0,2.0,1.0,0.1,0.2,0.1,0.5454545454545454,0.0,0.6925925925925926
0.05,10.0,3.0,64.0,2.0,1.0,0.1,0.2,0.1,0.5454545454545454,0.0,0.42222222222222217
0.001,10.0,3.0,64.0,2.0,1.0,0.1,0.2,0.1,0.5454545454545454,0.0,0.18888888888888888
0.05,30.0,5.0,128.0,3.0,2.0,0.2,0.1,0.1,0.5454545454545454,0.0,0.4814814814814815
0.05,10.0,5.0,128.0,3.0,2.0,0.2,0.1,0.1,0.5454545454545454,0.0,0.6851851851851852
0.1,30.0,3.0,128.0,3.0,2.0,0.2,0.1,0.1,0.5454545454545454,0.0,0.825925925925926
0.1,10.0,3.0,128.0,3.0,2.0,0.2,0.1,0.1,0.5454545454545454,0.0,0.8666666666666667
0.05,10.0,3.0,128.0,3.0,2.0,0.2,0.1,0.1,0.5454545454545454,0.0,0.5037037037037037
0.1,30.0,5.0,64.0,3.0,2.0,0.2,0.1,0.1,0.5454545454545454,0.0,0.4888888888888889
0.1,10.0,5.0,64.0,3.0,2.0,0.2,0.1,0.1,0.5454545454545454,0.0,0.6296296296296297
0.05,30.0,5.0,64.0,3.0,2.0,0.2,0.1,0.1,0.5454545454545454,0.0,0.8185185185185185
0.05,10.0,5.0,64.0,3.0,2.0,0.2,0.1,0.1,0.5454545454545454,0.0,0.4037037037037037
0.1,30.0,3.0,64.0,3.0,2.0,0.2,0.1,0.1,0.5454545454545454,0.0,0.6444444444444445
0.1,10.0,3.0,64.0,3.0,2.0,0.2,0.1,0.1,0.5454545454545454,0.0,0.7370370370370372
0.05,10.0,3.0,64.0,3.0,2.0,0.2,0.1,0.1,0.5454545454545454,0.0,0.5333333333333334
0.05,10.0,5.0,128.0,2.0,2.0,0.2,0.1,0.1,0.5454545454545454,0.0,0.6666666666666666
0.1,10.0,5.0,64.0,2.0,2.0,0.2,0.1,0.1,0.5454545454545454,0.0,0.4148148148148148
0.05,10.0,5.0,64.0,2.0,2.0,0.2,0.1,0.1,0.5454545454545454,0.0,0.39259259259259255
0.05,30.0,3.0,64.0,2.0,2.0,0.2,0.1,0.1,0.5454545454545454,0.0,0.7481481481481481
0.05,10.0,3.0,64.0,2.0,2.0,0.2,0.1,0.1,0.5454545454545454,0.0,0.8111111111111111
0.1,30.0,5.0,128.0,3.0,1.0,0.2,0.1,0.1,0.5454545454545454,0.0,0.6962962962962963
0.05,10.0,3.0,128.0,2.0,1.0,0.1,0.2,0.1,0.5454545454545454,0.0,0.5851851851851853
0.05,30.0,3.0,128.0,2.0,1.0,0.1,0.2,0.1,0.5454545454545454,0.0,0.7222222222222222
0.1,10.0,3.0,128.0,2.0,1.0,0.1,0.2,0.1,0.5454545454545454,0.0,0.7925925925925927
0.001,10.0,5.0,128.0,3.0,1.0,0.1,0.2,0.1,0.5454545454545454,0.0,0.6555555555555556
0.05,30.0,5.0,128.0,2.0,2.0,0.1,0.2,0.1,0.5454545454545454,0.0,0.737037037037037
0.05,10.0,5.0,128.0,2.0,2.0,0.1,0.2,0.1,0.5454545454545454,0.0,0.4111111111111111
0.1,30.0,3.0,128.0,2.0,2.0,0.1,0.2,0.1,0.5454545454545454,0.0,0.3592592592592592
0.05,30.0,3.0,128.0,2.0,2.0,0.1,0.2,0.1,0.5454545454545454,0.0,0.7555555555555555
0.1,10.0,5.0,64.0,2.0,2.0,0.1,0.2,0.1,0.5454545454545454,0.0,0.6222222222222222
0.05,10.0,5.0,64.0,2.0,2.0,0.1,0.2,0.1,0.5454545454545454,0.0,0.5555555555555556
0.1,30.0,3.0,64.0,2.0,2.0,0.1,0.2,0.1,0.5454545454545454,0.0,0.5333333333333333
0.05,10.0,3.0,64.0,2.0,2.0,0.1,0.2,0.1,0.5454545454545454,0.0,0.6814814814814815
0.1,30.0,5.0,128.0,3.0,1.0,0.1,0.2,0.1,0.5454545454545454,0.0,0.48518518518518516
0.05,30.0,5.0,128.0,3.0,1.0,0.1,0.2,0.1,0.5454545454545454,0.0,0.7370370370370372
0.05,10.0,5.0,128.0,3.0,1.0,0.1,0.2,0.1,0.5454545454545454,0.0,0.7518518518518519
0.1,30.0,3.0,128.0,3.0,1.0,0.1,0.2,0.1,0.5454545454545454,0.0,0.7925925925925926
0.05,10.0,5.0,128.0,2.0,1.0,0.1,0.2,0.1,0.5454545454545454,0.0,0.5333333333333333
0.05,10.0,3.0,128.0,3.0,1.0,0.1,0.2,0.1,0.5454545454545454,0.0,0.5814814814814815
0.1,30.0,5.0,64.0,3.0,1.0,0.1,0.2,0.1,0.5454545454545454,0.0,0.5185185185185185
0.1,10.0,5.0,64.0,3.0,1.0,0.1,0.2,0.1,0.5454545454545454,0.0,0.6444444444444445
0.05,10.0,5.0,64.0,3.0,1.0,0.1,0.2,0.1,0.5454545454545454,0.0,0.7407407407407407
0.001,10.0,5.0,64.0,3.0,1.0,0.1,0.2,0.1,0.5454545454545454,0.0,0.22962962962962963
0.1,30.0,3.0,64.0,3.0,1.0,0.1,0.2,0.1,0.5454545454545454,0.0,0.8296296296296297
0.1,10.0,3.0,64.0,3.0,1.0,0.1,0.2,0.1,0.5454545454545454,0.0,0.42592592592592593
0.001,10.0,3.0,64.0,3.0,1.0,0.1,0.2,0.1,0.5454545454545454,0.0,0.34814814814814815
0.1,30.0,5.0,128.0,2.0,1.0,0.1,0.2,0.1,0.5454545454545454,0.0,0.8296296296296296
0.1,10.0,5.0,128.0,2.0,1.0,0.1,0.2,0.1,0.5454545454545454,0.0,0.5407407407407407
0.05,30.0,5.0,128.0,2.0,1.0,0.1,0.2,0.1,0.5454545454545454,0.0,0.7259259259259259
0.1,10.0,5.0,128.0,3.0,1.0,0.2,0.1,0.1,0.5454545454545454,0.0,0.41481481481481486
0.05,10.0,3.0,128.0,3.0,1.0,0.2,0.1,0.1,0.5454545454545454,0.0,0.6074074074074074
0.1,30.0,5.0,64.0,2.0,2.0,0.2,0.1,0.2,0.5454545454545454,0.0,0.8296296296296296
0.1,30.0,5.0,64.0,3.0,1.0,0.2,0.1,0.1,0.5454545454545454,0.0,0.8
0.1,30.0,5.0,64.0,2.0,2.0,0.1,0.1,0.1,0.5454545454545454,0.0,0.5555555555555556
0.1,10.0,5.0,64.0,2.0,2.0,0.1,0.1,0.1,0.5454545454545454,0.0,0.6925925925925926
0.05,30.0,5.0,64.0,2.0,2.0,0.1,0.1,0.1,0.5454545454545454,0.0,0.7814814814814814
0.05,10.0,5.0,64.0,2.0,2.0,0.1,0.1,0.1,0.5454545454545454,0.0,0.7
0.1,10.0,3.0,64.0,2.0,2.0,0.1,0.1,0.1,0.5454545454545454,0.0,0.725925925925926
0.05,30.0,3.0,64.0,2.0,2.0,0.1,0.1,0.1,0.5454545454545454,0.0,0.7555555555555555
0.05,10.0,3.0,64.0,2.0,2.0,0.1,0.1,0.1,0.5454545454545454,0.0,0.6
0.1,30.0,5.0,128.0,3.0,1.0,0.1,0.1,0.1,0.5454545454545454,0.0,0.7629629629629631
0.05,10.0,5.0,128.0,3.0,1.0,0.1,0.1,0.1,0.5454545454545454,0.0,0.3740740740740741
0.1,30.0,3.0,128.0,3.0,1.0,0.1,0.1,0.1,0.5454545454545454,0.0,0.7000000000000001
0.1,10.0,5.0,64.0,3.0,1.0,0.1,0.1,0.1,0.5454545454545454,0.0,0.7185185185185186
0.001,10.0,5.0,64.0,3.0,1.0,0.1,0.1,0.1,0.5454545454545454,0.0,0.37777777777777777
0.1,30.0,3.0,64.0,3.0,1.0,0.1,0.1,0.1,0.5454545454545454,0.0,0.8481481481481482
0.1,10.0,3.0,64.0,3.0,1.0,0.1,0.1,0.1,0.5454545454545454,0.0,0.6074074074074074
0.05,10.0,3.0,64.0,3.0,1.0,0.1,0.1,0.1,0.5454545454545454,0.0,0.7222222222222221
0.05,30.0,5.0,128.0,2.0,1.0,0.1,0.1,0.1,0.5454545454545454,0.0,0.7703703703703704
0.05,10.0,5.0,128.0,2.0,1.0,0.1,0.1,0.1,0.5454545454545454,0.0,0.43333333333333335
0.1,30.0,3.0,128.0,2.0,1.0,0.1,0.1,0.1,0.5454545454545454,0.0,0.6962962962962963
0.05,30.0,3.0,128.0,2.0,1.0,0.1,0.1,0.1,0.5454545454545454,0.0,0.8481481481481481
0.05,10.0,3.0,128.0,2.0,1.0,0.1,0.1,0.1,0.5454545454545454,0.0,0.6185185185185185
0.1,10.0,5.0,64.0,2.0,1.0,0.1,0.1,0.1,0.5454545454545454,0.0,0.337037037037037
0.05,10.0,5.0,64.0,2.0,1.0,0.1,0.1,0.1,0.5454545454545454,0.0,0.7925925925925925
0.001,10.0,5.0,64.0,2.0,1.0,0.1,0.1,0.1,0.5454545454545454,0.0,0.7037037037037037
0.1,30.0,3.0,64.0,2.0,1.0,0.1,0.1,0.1,0.5454545454545454,0.0,0.825925925925926
0.05,10.0,3.0,64.0,2.0,1.0,0.1,0.1,0.1,0.5454545454545454,0.0,0.548148148148148
0.05,30.0,3.0,128.0,2.0,2.0,0.1,0.1,0.1,0.5454545454545454,0.0,0.4740740740740741
0.1,10.0,3.0,128.0,2.0,2.0,0.1,0.1,0.1,0.5454545454545454,0.0,0.43333333333333335
0.1,30.0,3.0,128.0,2.0,2.0,0.1,0.1,0.1,0.5454545454545454,0.0,0.4703703703703704
0.001,10.0,3.0,64.0,2.0,1.0,0.2,0.1,0.1,0.5454545454545454,0.0,0.3296296296296296
0.1,10.0,5.0,64.0,3.0,1.0,0.2,0.1,0.1,0.5454545454545454,0.0,0.8148148148148149
0.05,30.0,5.0,64.0,3.0,1.0,0.2,0.1,0.1,0.5454545454545454,0.0,0.8
0.05,10.0,3.0,64.0,3.0,1.0,0.2,0.1,0.1,0.5454545454545454,0.0,0.5555555555555556
0.1,30.0,5.0,128.0,2.0,1.0,0.2,0.1,0.1,0.5454545454545454,0.0,0.6074074074074074
0.05,30.0,5.0,128.0,2.0,1.0,0.2,0.1,0.1,0.5454545454545454,0.0,0.8333333333333334
0.1,30.0,3.0,128.0,2.0,1.0,0.2,0.1,0.1,0.5454545454545454,0.0,0.8333333333333334
0.05,10.0,3.0,128.0,2.0,1.0,0.2,0.1,0.1,0.5454545454545454,0.0,0.5777777777777777
0.1,30.0,5.0,64.0,2.0,1.0,0.2,0.1,0.1,0.5454545454545454,0.0,0.4814814814814815
0.05,10.0,5.0,64.0,2.0,1.0,0.2,0.1,0.1,0.5454545454545454,0.0,0.8222222222222223
0.1,30.0,3.0,64.0,2.0,1.0,0.2,0.1,0.1,0.5454545454545454,0.0,0.7444444444444445
0.1,10.0,3.0,64.0,2.0,1.0,0.2,0.1,0.1,0.5454545454545454,0.0,0.5185185185185185
0.1,30.0,5.0,128.0,3.0,2.0,0.1,0.1,0.1,0.5454545454545454,0.0,0.38518518518518513
0.05,10.0,5.0,128.0,2.0,2.0,0.1,0.1,0.1,0.5454545454545454,0.0,0.6962962962962963
0.05,30.0,5.0,128.0,3.0,2.0,0.1,0.1,0.1,0.5454545454545454,0.0,0.7925925925925926
0.05,10.0,5.0,128.0,3.0,2.0,0.1,0.1,0.1,0.5454545454545454,0.0,0.6222222222222222
0.1,30.0,3.0,128.0,3.0,2.0,0.1,0.1,0.1,0.5454545454545454,0.0,0.6481481481481481
0.05,30.0,3.0,128.0,3.0,2.0,0.1,0.1,0.1,0.5454545454545454,0.0,0.8037037037037037
0.05,10.0,3.0,128.0,3.0,2.0,0.1,0.1,0.1,0.5454545454545454,0.0,0.3962962962962963
0.1,10.0,5.0,64.0,3.0,2.0,0.1,0.1,0.1,0.5454545454545454,0.0,0.8296296296296297
0.1,30.0,3.0,64.0,3.0,2.0,0.1,0.1,0.1,0.5454545454545454,0.0,0.837037037037037
0.1,10.0,3.0,64.0,3.0,2.0,0.1,0.1,0.1,0.5454545454545454,0.0,0.4666666666666667
0.05,10.0,3.0,64.0,3.0,2.0,0.1,0.1,0.1,0.5454545454545454,0.0,0.6259259259259259
0.001,10.0,3.0,64.0,3.0,2.0,0.1,0.1,0.1,0.5454545454545454,0.0,0.5185185185185185
0.1,10.0,5.0,128.0,2.0,2.0,0.1,0.1,0.1,0.5454545454545454,0.0,0.7592592592592593
0.1,10.0,5.0,128.0,2.0,2.0,0.1,0.2,0.1,0.5454545454545454,0.0,0.45185185185185184
0.001,10.0,3.0,64.0,3.0,2.0,0.1,0.2,0.1,0.5454545454545454,0.0,0.937037037037037
0.05,10.0,3.0,64.0,3.0,2.0,0.1,0.2,0.1,0.5454545454545454,0.0,0.5740740740740741
0.05,30.0,3.0,64.0,3.0,2.0,0.1,0.2,0.1,0.5454545454545454,0.0,0.6592592592592593
0.1,10.0,3.0,128.0,2.0,2.0,0.1,0.1,0.2,0.5454545454545454,0.0,0.2962962962962963
0.05,10.0,3.0,128.0,2.0,2.0,0.1,0.1,0.2,0.5454545454545454,0.0,0.7037037037037037
0.001,10.0,3.0,128.0,2.0,2.0,0.1,0.1,0.2,0.5454545454545454,0.0,0.6222222222222222
0.1,30.0,5.0,64.0,2.0,2.0,0.1,0.1,0.2,0.5454545454545454,0.0,0.8296296296296296
0.05,10.0,5.0,64.0,2.0,2.0,0.1,0.1,0.2,0.5454545454545454,0.0,0.7
0.001,10.0,5.0,64.0,2.0,2.0,0.1,0.1,0.2,0.5454545454545454,0.0,0.2518518518518519
0.1,10.0,3.0,64.0,2.0,2.0,0.1,0.1,0.2,0.5454545454545454,0.0,0.5518518518518518
0.05,30.0,3.0,64.0,2.0,2.0,0.1,0.1,0.2,0.5454545454545454,0.0,0.8296296296296296
0.05,10.0,3.0,64.0,2.0,2.0,0.1,0.1,0.2,0.5454545454545454,0.0,0.5111111111111111
0.001,10.0,3.0,64.0,2.0,2.0,0.1,0.1,0.2,0.5454545454545454,0.0,0.8185185185185184
0.001,10.0,5.0,128.0,3.0,1.0,0.1,0.1,0.2,0.5454545454545454,0.0,0.4111111111111111
0.1,30.0,3.0,128.0,3.0,1.0,0.1,0.1,0.2,0.5454545454545454,0.0,0.5814814814814815
0.05,30.0,3.0,128.0,3.0,1.0,0.1,0.1,0.2,0.5454545454545454,0.0,0.762962962962963
0.1,30.0,5.0,64.0,3.0,1.0,0.1,0.1,0.2,0.5454545454545454,0.0,0.7185185185185186
0.05,30.0,5.0,64.0,3.0,1.0,0.1,0.1,0.2,0.5454545454545454,0.0,0.6407407407407407
0.1,30.0,3.0,64.0,3.0,1.0,0.1,0.1,0.2,0.5454545454545454,0.0,0.5629629629629629
0.1,10.0,3.0,64.0,3.0,1.0,0.1,0.1,0.2,0.5454545454545454,0.0,0.5037037037037037
0.1,10.0,5.0,128.0,2.0,1.0,0.1,0.1,0.2,0.5454545454545454,0.0,0.4
0.05,30.0,5.0,128.0,2.0,1.0,0.1,0.1,0.2,0.5454545454545454,0.0,0.7629629629629631
0.05,10.0,5.0,128.0,2.0,1.0,0.1,0.1,0.2,0.5454545454545454,0.0,0.6481481481481481
0.1,10.0,3.0,128.0,2.0,1.0,0.1,0.1,0.2,0.5454545454545454,0.0,0.8666666666666667
0.1,30.0,5.0,64.0,2.0,1.0,0.1,0.1,0.2,0.5454545454545454,0.0,0.5962962962962963
0.1,10.0,5.0,64.0,2.0,1.0,0.1,0.1,0.2,0.5454545454545454,0.0,0.5259259259259259
0.05,30.0,5.0,64.0,2.0,1.0,0.1,0.1,0.2,0.5454545454545454,0.0,0.35185185185185186
0.1,30.0,3.0,64.0,2.0,1.0,0.1,0.1,0.2,0.5454545454545454,0.0,0.5703703703703704
0.05,10.0,5.0,128.0,2.0,2.0,0.1,0.1,0.2,0.5454545454545454,0.0,0.6111111111111112
0.1,10.0,5.0,128.0,2.0,2.0,0.1,0.1,0.2,0.5454545454545454,0.0,0.537037037037037
0.1,30.0,5.0,128.0,2.0,2.0,0.1,0.1,0.2,0.5454545454545454,0.0,0.8111111111111111
0.05,10.0,5.0,128.0,2.0,1.0,0.2,0.1,0.2,0.5454545454545454,0.0,0.5407407407407407
0.1,10.0,5.0,64.0,2.0,2.0,0.2,0.1,0.2,0.5454545454545454,0.0,0.4888888888888889
0.1,30.0,3.0,64.0,2.0,2.0,0.2,0.1,0.2,0.5454545454545454,0.0,0.5888888888888888
0.1,10.0,3.0,64.0,2.0,2.0,0.2,0.1,0.2,0.5454545454545454,0.0,0.5851851851851851
0.05,10.0,3.0,64.0,2.0,2.0,0.2,0.1,0.2,0.5454545454545454,0.0,0.8037037037037037
0.05,10.0,5.0,128.0,3.0,1.0,0.2,0.1,0.2,0.5454545454545454,0.0,0.7296296296296296
0.1,30.0,3.0,128.0,3.0,1.0,0.2,0.1,0.2,0.5454545454545454,0.0,0.6925925925925925
0.1,30.0,5.0,64.0,3.0,1.0,0.2,0.1,0.2,0.5454545454545454,0.0,0.4518518518518519
0.05,10.0,5.0,64.0,3.0,1.0,0.2,0.1,0.2,0.5454545454545454,0.0,0.537037037037037
0.001,10.0,5.0,64.0,3.0,1.0,0.2,0.1,0.2,0.5454545454545454,0.0,0.41481481481481486
0.05,10.0,3.0,64.0,3.0,1.0,0.2,0.1,0.2,0.5454545454545454,0.0,0.5296296296296297
0.001,10.0,3.0,64.0,3.0,1.0,0.2,0.1,0.2,0.5454545454545454,0.0,0.4407407407407407
0.1,10.0,5.0,64.0,2.0,1.0,0.2,0.1,0.2,0.5454545454545454,0.0,0.5481481481481482
0.05,10.0,3.0,64.0,3.0,2.0,0.1,0.1,0.2,0.5454545454545454,0.0,0.774074074074074
0.05,30.0,5.0,64.0,2.0,1.0,0.2,0.1,0.2,0.5454545454545454,0.0,0.6703703703703704
0.05,10.0,5.0,64.0,2.0,1.0,0.2,0.1,0.2,0.5454545454545454,0.0,0.5851851851851853
0.001,10.0,5.0,64.0,2.0,1.0,0.2,0.1,0.2,0.5454545454545454,0.0,0.6592592592592592
0.1,10.0,3.0,64.0,2.0,1.0,0.2,0.1,0.2,0.5454545454545454,0.0,0.6814814814814815
0.05,10.0,3.0,64.0,2.0,1.0,0.2,0.1,0.2,0.5454545454545454,0.0,0.562962962962963
0.05,10.0,5.0,128.0,3.0,2.0,0.1,0.1,0.2,0.5454545454545454,0.0,0.42592592592592593
0.1,10.0,3.0,128.0,3.0,2.0,0.1,0.1,0.2,0.5454545454545454,0.0,0.7185185185185186
0.1,10.0,5.0,64.0,3.0,2.0,0.1,0.1,0.2,0.5454545454545454,0.0,0.44814814814814813
0.001,10.0,5.0,64.0,3.0,2.0,0.1,0.1,0.2,0.5454545454545454,0.0,0.34444444444444444
0.1,30.0,3.0,64.0,3.0,2.0,0.1,0.1,0.2,0.5454545454545454,0.0,0.6703703703703704
0.1,10.0,3.0,64.0,3.0,2.0,0.1,0.1,0.2,0.5454545454545454,0.0,0.5814814814814815
0.1,10.0,3.0,64.0,2.0,1.0,0.1,0.1,0.2,0.5454545454545454,0.0,0.6222222222222222
0.05,30.0,3.0,64.0,2.0,1.0,0.1,0.1,0.2,0.5454545454545454,0.0,0.7296296296296296
0.1,30.0,5.0,128.0,3.0,2.0,0.2,0.2,0.1,0.5454545454545454,0.0,0.537037037037037
0.05,10.0,5.0,64.0,2.0,1.0,0.2,0.2,0.1,0.5454545454545454,0.0,0.6222222222222222
0.1,30.0,3.0,64.0,3.0,1.0,0.2,0.2,0.1,0.5454545454545454,0.0,0.5296296296296297
0.1,10.0,3.0,64.0,3.0,1.0,0.2,0.2,0.1,0.5454545454545454,0.0,0.25925925925925924
0.05,30.0,3.0,64.0,3.0,1.0,0.2,0.2,0.1,0.5454545454545454,0.0,0.8555555555555556
0.05,10.0,3.0,64.0,3.0,1.0,0.2,0.2,0.1,0.5454545454545454,0.0,0.437037037037037
0.1,10.0,5.0,128.0,2.0,1.0,0.2,0.2,0.1,0.5454545454545454,0.0,0.7962962962962963
0.05,10.0,5.0,128.0,2.0,1.0,0.2,0.2,0.1,0.5454545454545454,0.0,0.374074074074074
0.001,10.0,5.0,128.0,2.0,1.0,0.2,0.2,0.1,0.5454545454545454,0.0,0.5481481481481482
0.05,10.0,3.0,128.0,2.0,1.0,0.2,0.2,0.1,0.5454545454545454,0.0,0.7629629629629628
0.1,30.0,5.0,64.0,2.0,1.0,0.2,0.2,0.1,0.5454545454545454,0.0,0.8407407407407408
0.1,10.0,5.0,64.0,2.0,1.0,0.2,0.2,0.1,0.5454545454545454,0.0,0.437037037037037
0.05,30.0,5.0,64.0,2.0,1.0,0.2,0.2,0.1,0.5454545454545454,0.0,0.6888888888888889
0.1,30.0,3.0,64.0,2.0,1.0,0.2,0.2,0.1,0.5454545454545454,0.0,0.7592592592592593
0.05,30.0,5.0,64.0,3.0,1.0,0.2,0.2,0.1,0.5454545454545454,0.0,0.7888888888888889
0.1,10.0,3.0,64.0,2.0,1.0,0.2,0.2,0.1,0.5454545454545454,0.0,0.5888888888888889
0.05,30.0,3.0,64.0,2.0,1.0,0.2,0.2,0.1,0.5454545454545454,0.0,0.7814814814814816
0.05,10.0,3.0,64.0,2.0,1.0,0.2,0.2,0.1,0.5454545454545454,0.0,0.2777777777777778
0.1,30.0,5.0,128.0,3.0,2.0,0.1,0.2,0.1,0.5454545454545454,0.0,0.4629629629629629
0.1,10.0,5.0,128.0,3.0,2.0,0.1,0.2,0.1,0.5454545454545454,0.0,0.6370370370370371
0.05,30.0,5.0,128.0,3.0,2.0,0.1,0.2,0.1,0.5454545454545454,0.0,0.5740740740740741
0.1,10.0,3.0,128.0,3.0,2.0,0.1,0.2,0.1,0.5454545454545454,0.0,0.8296296296296296
0.05,10.0,3.0,128.0,3.0,2.0,0.1,0.2,0.1,0.5454545454545454,0.0,0.7037037037037037
0.1,30.0,5.0,64.0,3.0,2.0,0.1,0.2,0.1,0.5454545454545454,0.0,0.774074074074074
0.1,30.0,3.0,64.0,3.0,2.0,0.1,0.2,0.1,0.5454545454545454,0.0,0.662962962962963
0.1,10.0,3.0,64.0,3.0,2.0,0.1,0.2,0.1,0.5454545454545454,0.0,0.3296296296296296
0.05,10.0,5.0,64.0,3.0,1.0,0.2,0.2,0.1,0.5454545454545454,0.0,0.5444444444444444
0.1,10.0,5.0,64.0,3.0,1.0,0.2,0.2,0.1,0.5454545454545454,0.0,0.46296296296296297
0.1,10.0,5.0,128.0,3.0,2.0,0.2,0.2,0.1,0.5454545454545454,0.0,0.5407407407407407
0.001,10.0,5.0,128.0,2.0,2.0,0.2,0.2,0.1,0.5454545454545454,0.0,0.8333333333333334
0.05,10.0,5.0,128.0,3.0,2.0,0.2,0.2,0.1,0.5454545454545454,0.0,0.3222222222222222
0.1,30.0,3.0,128.0,3.0,2.0,0.2,0.2,0.1,0.5454545454545454,0.0,0.48888888888888893
0.1,30.0,5.0,64.0,3.0,2.0,0.2,0.2,0.1,0.5454545454545454,0.0,0.5259259259259259
0.1,10.0,5.0,64.0,3.0,2.0,0.2,0.2,0.1,0.5454545454545454,0.0,0.5555555555555556
0.05,30.0,5.0,64.0,3.0,2.0,0.2,0.2,0.1,0.5454545454545454,0.0,0.7962962962962963
0.05,10.0,5.0,64.0,3.0,2.0,0.2,0.2,0.1,0.5454545454545454,0.0,0.4925925925925926
0.001,10.0,5.0,64.0,3.0,2.0,0.2,0.2,0.1,0.5454545454545454,0.0,0.3851851851851852
0.1,30.0,3.0,64.0,3.0,2.0,0.2,0.2,0.1,0.5454545454545454,0.0,0.7444444444444445
0.1,10.0,3.0,64.0,3.0,2.0,0.2,0.2,0.1,0.5454545454545454,0.0,0.47777777777777775
0.05,30.0,3.0,64.0,3.0,2.0,0.2,0.2,0.1,0.5454545454545454,0.0,0.837037037037037
0.1,30.0,5.0,128.0,2.0,2.0,0.2,0.2,0.1,0.5454545454545454,0.0,0.7814814814814816
0.05,10.0,3.0,128.0,2.0,2.0,0.2,0.2,0.1,0.5454545454545454,0.0,0.42592592592592593
0.1,30.0,5.0,64.0,3.0,1.0,0.2,0.2,0.1,0.5454545454545454,0.0,0.22222222222222224
0.001,10.0,3.0,128.0,2.0,2.0,0.2,0.2,0.1,0.5454545454545454,0.0,0.7666666666666666
0.1,30.0,5.0,64.0,2.0,2.0,0.2,0.2,0.1,0.5454545454545454,0.0,0.5222222222222223
0.1,10.0,5.0,64.0,2.0,2.0,0.2,0.2,0.1,0.5454545454545454,0.0,0.7
0.05,10.0,5.0,64.0,2.0,2.0,0.2,0.2,0.1,0.5454545454545454,0.0,0.4592592592592593
0.1,10.0,3.0,64.0,2.0,2.0,0.2,0.2,0.1,0.5454545454545454,0.0,0.5222222222222221
0.001,10.0,3.0,64.0,2.0,2.0,0.2,0.2,0.1,0.5454545454545454,0.0,0.4296296296296297
0.1,30.0,5.0,128.0,3.0,1.0,0.2,0.2,0.1,0.5454545454545454,0.0,0.3037037037037037
0.1,10.0,5.0,128.0,3.0,1.0,0.2,0.2,0.1,0.5454545454545454,0.0,0.8555555555555556
0.05,30.0,5.0,128.0,3.0,1.0,0.2,0.2,0.1,0.5454545454545454,0.0,0.8185185185185185
0.1,10.0,3.0,128.0,3.0,1.0,0.2,0.2,0.1,0.5454545454545454,0.0,0.8074074074074074
0.05,30.0,3.0,128.0,3.0,1.0,0.2,0.2,0.1,0.5454545454545454,0.0,0.4407407407407407
0.1,30.0,5.0,128.0,3.0,2.0,0.2,0.2,0.2,0.5454545454545454,0.0,0.8407407407407408
